temperature,humidity_1,humidity_2,rainfall,label,"
soil_moisture_1",soil_moisture_2,valve
22.61359953,78.60948113,63.69070564,87.75953857,maize,57.94435174,44.75612298,0
26.10018422,67.8289623,71.57476937,102.2662445,maize,54.12549179,50.58989475,0
23.55882094,82.85942923,71.59351368,66.71995467,maize,48.93935661,43.33083017,1
19.97215954,90.48375346,57.68272924,60.65171481,maize,44.3562235,46.45427962,1
18.47891261,85.10595528,62.69503871,65.43835393,maize,57.246869,45.35227442,1
21.77689322,23.13716786,57.80840636,102.0861694,maize,51.22037053,56.78590029,0
25.6217169,24.55040133,66.50415474,105.4654703,maize,56.52382118,58.02001092,0
25.19192419,47.08901987,66.6902901,78.06639649,maize,48.12485035,48.83763296,0
20.41683147,38.8297678,62.5542482,65.27798457,maize,41.27532527,54.48023744,1
24.92162194,27.77303722,66.78627406,109.2162279,maize,41.21710757,49.06649451,0
23.31689124,34.57682803,73.4541537,94.29712821,maize,49.09839099,58.05998036,0
24.84016732,69.81915911,68.3584573,74.05474936,maize,46.98111558,50.32819853,0
22.27526694,24.49821671,58.84015925,63.87020584,maize,53.048753,59.79085428,1
18.87751445,80.00417498,65.76816093,94.76189431,maize,47.28730354,55.15689321,0
25.19008683,64.46057552,60.2001687,72.12375573,maize,43.09841385,57.30072569,1
18.25405352,29.16888716,55.28220433,63.72358154,maize,40.58818733,53.88470911,1
24.6129118,73.79804357,70.4162444,104.1626147,maize,40.26006299,46.18788316,0
25.1420613,36.52272286,65.26185135,76.68456006,maize,49.69928828,48.01569173,0
23.09348056,55.7082524,60.1159381,65.49730729,maize,44.88946439,48.69875148,1
18.05033737,87.31934053,62.89366992,84.23613484,maize,43.2514377,57,0
24.9321581,68.82915233,73.80435276,79.74078719,maize,43.59844397,58,1
18.14710054,84.93465222,71.09445342,88.07753741,maize,53.7621428,41.38379446,0
18.28362235,78.77605113,66.65952796,80.97573281,maize,40.34185258,41,0
18.83344471,34.42761031,58.75082029,79.7532896,maize,48.72927347,56.66996596,0
25.71895816,68.70788072,67.22190688,74.51490791,maize,56.36702234,52.41762002,1
25.33797709,56.47954061,68.49835977,96.46380213,maize,59.64131269,55.58139226,0
23.89114571,86.27446184,57.48775781,102.8301942,maize,52.18140837,46.24513583,0
21.53574127,94.20559888,71.50905983,102.4852929,maize,58.82870335,57.3564887,0
23.08974909,52.21312714,63.10459626,70.43473609,maize,50.41348534,55,1
25.61707368,92.9774157,63.4711755,108.8303762,maize,56.21682202,59.39589011,1
21.44526922,41.30399389,63.1621551,65.88951188,maize,50.88620128,50,1
18.51816776,93.6050931,55.53128131,90.988051,maize,51.91173278,57.72885509,0
22.53510514,83.49928004,67.99257471,64.40866039,maize,44.42652098,47,0
23.02038334,66.76486843,61.89472002,63.03843397,maize,59.84652361,50,1
24.89364635,42.20362481,65.61418761,87.9298085,maize,57.49650381,46,1
25.77175115,32.44156153,74.089114,107.4931917,maize,40.19259705,48,0
19.39851734,34.54047391,62.35750641,60.95197486,maize,59.81108874,48.68172008,0
21.54156232,89.6482738,59.64024162,109.7515385,maize,50.71321459,43,0
23.79746068,37.88435064,74.82913698,91.76337172,maize,47.42795728,41.16902651,0
18.9802729,42.30484869,74.52600826,94.26249353,maize,40.58474195,57,0
24.10859207,77.1113645,73.13112261,71.07562236,maize,46.64069062,55,1
24.7947077,76.66757911,70.04556743,76.72860067,maize,44.37585877,44,1
21.63162756,53.31082129,60.27766379,69.21803098,maize,53.22557409,55,1
25.37548751,50.12051124,57.21025565,101.7004306,maize,42.86036818,51,0
22.21738222,68.75021996,72.85462807,106.6213157,maize,47.59496628,54,0
20.58314011,92.72972392,69.00128641,66.29390357,maize,54.21155552,55,1
24.87502824,42.58468439,68.74248334,91.26056654,maize,51.16884656,44,0
20.03728219,40.2411955,56.35606753,109.024141,maize,41.01426528,40,0
25.95263264,21.2907486,61.89082199,99.57981207,maize,41.32609431,49,0
19.28889933,64.93642366,65.47050802,71.3195307,maize,51.62631724,50,0
20.57981887,37.47384879,65.34583901,78.34604471,maize,41.7358972,43,1
24.71417533,79.96309019,56.73426469,88.45361858,maize,58.97756341,56,1
20.27317074,97.18972299,63.91281869,62.50351892,maize,48.35764008,42,1
18.41932981,30.69662858,64.23580251,76.41312437,maize,55.22910347,43,0
23.39128187,82.12256666,61.74427165,107.3198135,maize,57.15726391,60,0
19.84939404,36.87807101,61.24500053,100.7689246,maize,50.20594068,58,0
21.869274,68.01806471,61.91044947,107.2681929,maize,52.40463683,44,0
22.8056033,91.47962664,56.50768935,101.5952794,maize,57.60498028,58,0
19.0781471,20.06779697,69.02298571,80.72515943,maize,50.63756736,51,0
22.02720976,92.48784416,65.35549924,83.73280082,maize,42.17072437,43,0
23.80546189,91.12371179,59.24537979,89.9622014,maize,47.9138596,40,0
18.52510753,94.33036504,69.0276233,88.10234397,maize,48.88967657,47,0
23.50297882,87.57797731,61.32026065,64.77791424,maize,41.295962,57,1
26.54986394,25.02194214,72.89187265,73.33636055,maize,51.41024161,51,1
19.29563411,54.61515642,69.63481219,83.21030571,maize,50.65839051,51,0
20.68899915,48.03420892,59.4375337,103.651438,maize,40.03921192,51,0
19.32666088,67.72093043,68.034493,84.22969177,maize,46.47392933,48.94383271,0
24.60532218,35.41712738,73.58868502,96.59195302,maize,52.5526676,49.6541662,0
22.27373646,87.45525523,59.52193158,67.96704792,maize,42.38074239,54.73131655,1
25.70196694,38.08395117,61.33450447,83.20711308,maize,45.50467953,53.12918843,0
19.20129357,32.45827867,68.30578978,87.85092352,maize,48.7816342,40.53634494,0
21.70181447,63.93131854,60.47470519,95.71388473,maize,45.60053722,49.77677169,0
20.51716779,50.5954353,59.21235483,67.61013737,maize,42.76395979,50.2796073,1
23.30355338,54.36754808,73.62548442,97.59081274,maize,54.96367231,44.37175728,0
24.2547451,85.45435018,55.64709899,64.23845455,maize,59.10170861,55.46306636,1
24.86374934,90.88084388,65.7420046,75.82270467,maize,49.77098369,49.02134316,1
22.6265115,36.72113914,65.77472881,88.17251033,maize,52.42027073,42.24630045,0
18.04185513,87.76065308,60.61494304,104.2321615,maize,46.82625121,44.08036731,0
23.26237612,96.17819431,72.33125523,67.10225139,maize,48.74200072,49.06753985,1
22.88330922,33.50536609,71.59722446,67.72777298,maize,59.31468121,50.0473008,1
25.97482359,70.31990447,69.36385721,103.2234212,maize,49.12201777,52.24479775,0
26.14384005,46.57365582,66.20569924,107.2361366,maize,52.42475474,45.78960878,0
18.66116213,66.26794289,61.55327249,75.03247667,maize,54.02646363,53.7067485,0
25.10787449,61.98055807,55.97732754,78.16077693,maize,46.99036958,51.9197924,1
23.33844615,36.42415245,59.24580604,105.0083144,maize,46.15976732,59.67257518,0
25.08239719,51.06856584,65.92195844,62.49190812,maize,49.11315607,52.54994863,1
25.36768364,52.01736241,72.52054555,107.9124111,maize,44.83603411,52.44755719,0
25.34217103,61.11412156,63.31801994,74.52082026,maize,54.25074782,59.87192411,1
25.00933355,55.52134105,67.816568,62.91359494,maize,56.49762584,56.8118588,1
18.66746724,84.02668288,71.516474,69.93293255,maize,42.94308646,48.98355893,0
20.37999665,42.23512973,63.73849998,108.5054416,maize,54.95898845,46.60144198,0
18.09300227,80.27644626,72.61024172,78.96159541,maize,43.69942705,54.1129578,0
26.16985907,23.7647962,71.96246617,79.84925393,maize,49.30597436,41.42246442,1
18.65396672,47.6136639,61.37879671,93.62039175,maize,57.15004298,49.94867178,0
26.07470121,58.617891,59.37147589,85.75692395,maize,56.58294153,44.97654028,1
18.92851916,22.63280746,72.80086137,82.34162918,maize,49.00754591,55.29294418,0
23.30546753,51.7591442,63.24648023,108.7603001,maize,56.48697504,58.73902727,0
18.74826712,41.55415313,62.49878458,70.23401597,maize,51.37470644,51.90925867,0
19.74213321,46.1688897,59.66263104,65.50861389,maize,43.85828303,42.8237081,0
25.73044432,45.75959639,70.74739256,98.73771338,maize,40.2325468,44.48817184,0
17.02498456,21.83489727,16.98861173,88.55123143,chickpea,45.96835909,41.4450129,0
19.02061277,54.89384776,17.13159126,79.92698081,chickpea,58.36070284,52.4232428,1
17.88776475,94.08448445,15.40589717,68.54932919,chickpea,51.18553228,56.67591623,1
18.86805647,59.24275578,15.65809214,88.51048983,chickpea,48.36053089,58.9507205,0
18.36952567,42.86735543,19.56381041,79.26357665,chickpea,45.82616773,40.98105192,0
20.45078582,93.39242471,15.40312102,92.68373702,chickpea,59.81155155,55.60386221,0
20.6543203,92.92158432,16.60820843,74.6631118,chickpea,50.7267228,57.62799377,1
17.3348681,30.87217327,18.74926979,82.61734721,chickpea,41.89750534,51.36931047,0
18.17912258,53.33564905,18.90426935,81.84997529,chickpea,58.70727433,56.45529792,0
18.01272266,46.85643983,18.30968112,81.98568791,chickpea,51.15593876,46.9752006,0
20.99373558,91.74958696,19.33470387,93.55280105,chickpea,50.61359767,40.07636379,0
19.46233971,71.56142605,15.22538951,74.58565097,chickpea,40.46374488,50.017542,1
19.81344531,47.4583264,14.69765308,78.96514709,chickpea,49.55766219,48.45866813,1
18.97424756,55.48687339,19.5161216,80.7108745,chickpea,46.16187438,59.83431355,0
18.19737048,49.38106635,14.71070537,70.18185181,chickpea,50.42305401,55.5360859,1
18.72963144,60.13791935,19.18197264,71.58010169,chickpea,45.59940303,49.91953935,1
20.99502153,55.88254985,19.8601304,73.50734019,chickpea,41.32260021,54.24797382,1
20.28155898,41.58168308,16.39535215,82.52339655,chickpea,46.65668657,47.04878335,0
17.48042641,56.66607968,15.7559405,66.96980581,chickpea,43.71292116,51.87516699,1
20.88818675,92.6640245,14.32313811,90.46228334,chickpea,47.36840385,41.04189916,0
17.08498521,61.5445666,16.14565756,71.31007253,chickpea,53.07001162,58.04511458,1
20.09340593,72.69930486,15.11279612,85.74904898,chickpea,50.05121825,57.15994294,0
17.57212145,82.22557475,14.99927489,89.31050665,chickpea,48.75882856,47.15376749,0
19.12065218,96.96552311,18.43475844,85.52950164,chickpea,46.85155994,58.52476987,0
18.57665902,72.95976775,19.22008229,72.94940441,chickpea,42.8984825,55.61066277,0
17.16606398,34.65469582,14.42457525,72.32667516,chickpea,47.9329998,51.72841089,0
18.2872007,21.89000875,16.67921616,74.87445574,chickpea,58.10555277,54.22857657,0
19.03025305,21.55923061,18.66725565,94.70992037,chickpea,59.24876388,42.09378141,0
17.1418614,91.34124773,17.0662427,83.74606679,chickpea,54.02651811,45.78531141,0
17.47809436,37.48509893,17.93253975,78.92060234,chickpea,42.68457097,52.04999415,0
20.56601874,72.49992683,14.25803981,83.75937135,chickpea,45.14391971,57.38029335,0
17.22385224,49.18732196,15.82069268,76.57580954,chickpea,50.06400569,57.04845432,1
19.69141713,54.58642109,19.44225438,91.76071648,chickpea,46.61980847,43.35283237,0
17.84851658,54.78841659,19.09172907,76.32470713,chickpea,55.89953318,47.6864115,1
18.8202251,43.61585287,16.1074793,89.73119396,chickpea,51.64696451,45.44480681,0
17.47500984,98.6815183,16.54314829,93.35034262,chickpea,47.72588495,57.60162716,0
18.72649425,60.31187533,17.58406365,81.20176515,chickpea,50.19842653,57.36333414,0
18.65580107,26.60257283,16.17772668,81.70769297,chickpea,42.31032999,56.69670744,0
18.2356751,86.07548883,19.68538502,83.74879344,chickpea,44.04672825,47.2763141,0
18.81198127,24.8958726,15.21618225,77.5429424,chickpea,50.00017499,44.84834422,1
18.65054116,61.75725402,17.80852431,77.92798682,chickpea,51.87602726,56.96576924,1
20.36720401,38.26002298,16.89574311,82.2545577,chickpea,56.00814031,58.02161933,1
18.38120357,54.22683344,16.63805158,70.52056697,chickpea,48.20571816,54.84329231,1
17.17012591,84.96258807,17.30457712,72.78624223,chickpea,58.6799214,46.27154685,1
19.37101121,34.51961211,15.77458129,85.24819851,chickpea,44.2182852,52.83380136,0
17.92845928,62.41706801,14.27327988,85.37378769,chickpea,41.92669499,40.16458484,0
19.45339934,89.05644713,18.23490739,75.6317566,chickpea,52.53471478,56.85587121,1
19.12829388,50.14085975,14.92241479,89.61857826,chickpea,57.29244775,41.44583501,0
19.1034283,88.72025381,17.26184541,75.49101167,chickpea,53.16795527,56.42928731,1
17.48504075,38.72331957,16.96070581,86.05078037,chickpea,44.87821939,47.12946306,0
19.40751744,52.32275841,18.98030507,80.25064637,chickpea,47.53126792,41.54583052,1
20.18649426,86.04438963,19.63719995,78.26039559,chickpea,49.94156217,59.47944606,1
17.30287885,30.34679147,15.15405941,75.57790384,chickpea,51.26909894,41.63280374,0
17.50361137,85.3622772,15.48083156,72.9446671,chickpea,40.87111935,52.51646343,0
18.17234999,77.19485492,14.70085967,90.7760707,chickpea,46.16087865,41.06809198,0
17.57445618,80.04886484,16.71826572,77.81891424,chickpea,45.90714818,57.7385276,0
20.93175255,97.15365931,18.91295403,78.06910795,chickpea,54.33318243,43.680784,1
19.71098332,28.95960794,17.63879418,85.57925437,chickpea,41.00542727,55.74417792,0
19.07937684,88.78791309,17.86754927,69.40619137,chickpea,43.97552012,41.96523156,1
18.54988627,63.19625302,16.02542689,76.32565249,chickpea,44.25324739,58.5266764,0
18.19903647,48.64506833,17.41333199,80.6405403,chickpea,40.72489527,48.88400017,0
18.88852533,84.12129158,14.99451145,80.1113384,chickpea,56.93344198,50.55701646,0
18.49311205,48.37698296,14.72115044,91.94595352,chickpea,50.46180687,56.23420288,0
19.48974337,34.9284842,17.17260319,87.51312796,chickpea,45.44963221,50.64662106,0
17.25769499,76.30489567,18.74943955,94.00287214,chickpea,41.60570754,55.26228,0
19.62416326,91.12953578,18.71483156,88.4585692,chickpea,48.6893857,45.29375658,0
20.67526473,87.96148622,19.85388984,84.78344008,chickpea,53.83377922,55.75710461,0
20.02381489,52.49862047,16.63294455,68.97806542,chickpea,52.89078435,56.14983538,1
20.1187446,39.37874498,14.44228303,88.68168643,chickpea,47.75833403,59.01550108,0
20.65691793,30.0898567,15.84572566,65.23811143,chickpea,40.63332714,56.83431623,1
19.2582557,67.24344752,14.2804191,65.78042032,chickpea,50.33292342,59.20549504,1
17.927806,92.92330202,15.85622899,74.63872762,chickpea,46.20009039,59.08377572,1
19.16288268,43.15391758,15.83500655,82.69766829,chickpea,44.02542677,44.66105919,0
20.26942271,52.0884233,19.96978871,69.64449182,chickpea,49.32100906,55.70827526,1
17.09104223,42.97302942,18.25142068,87.27444866,chickpea,56.07070647,45.0004049,0
17.06579293,93.85587721,17.54024066,70.87150577,chickpea,50.33598861,52.67534087,0
20.62767492,80.82376851,14.44008871,92.06630306,chickpea,55.93098237,47.7031741,0
20.8248451,82.68439393,17.85057083,79.20509212,chickpea,58.30263523,48.54007316,1
19.46210401,51.00563882,18.72831993,68.81405149,chickpea,44.54656015,46.50785713,1
17.18248372,50.77520252,16.42891834,72.85017344,chickpea,49.77068418,44.14305822,0
17.48911699,76.66347172,16.39055394,79.45758333,chickpea,54.71310006,57.85953859,0
17.48395377,40.32755236,14.76014523,65.11365631,chickpea,59.17007486,45.82220839,1
19.48316794,24.30546166,17.44534641,80.4986291,chickpea,56.1969072,46.37236219,0
19.71359733,91.40079068,18.09665739,73.64476535,chickpea,45.3909782,42.20940793,1
19.48649305,37.3848776,16.06240074,81.5284269,chickpea,56.78188033,58.15598537,0
19.95264829,32.0572077,14.82633099,88.6810311,chickpea,55.61334902,57.94918756,0
19.41789736,45.52091642,16.80472243,68.4951189,chickpea,47.67847239,45.73850796,1
19.45591848,24.26055087,18.02235902,78.44910564,chickpea,43.27464967,41.38860287,1
20.19137759,20.17876841,16.41998269,77.33795356,chickpea,51.52642294,50.60999129,1
18.8392908,21.10394952,14.74071856,94.78189594,chickpea,57.81366499,50.5113653,0
20.71219282,20.64811754,19.83643308,94.03659867,chickpea,48.06178391,41.08342362,0
18.99424448,86.85303807,15.9362937,78.69707199,chickpea,59.12473883,49.254049,0
19.96837462,60.09342292,15.57324389,69.15759062,chickpea,57.43002212,42.75900832,1
17.81564548,85.78144648,17.60756635,90.82097601,chickpea,58.19168423,51.03922682,0
20.71424384,20.68912648,15.27824066,76.77888672,chickpea,46.70842974,56.48055287,1
17.34150229,59.86171237,18.75626255,67.9545435,chickpea,59.89798631,58.14361039,1
17.43732714,26.03906539,14.33847406,73.0926704,chickpea,40.61282592,40.94974767,0
18.89780215,66.32113937,19.76182946,69.09512477,chickpea,56.34609805,53.70507122,1
18.59190771,51.10232174,14.77959596,89.60982451,chickpea,53.3282708,52.33782665,0
18.31561493,87.39435238,15.36143547,81.78710463,chickpea,45.04259259,41.1397258,0
17.13692774,33.848348,20.59541693,128.256862,kidneybeans,52.20638004,56.08972467,0
19.63474332,86.06827637,18.90705639,106.3598183,kidneybeans,50.95900482,55.93046341,0
22.91350245,74.23288292,21.33953114,109.225556,kidneybeans,44.56050297,43.0009829,0
16.43340342,89.23642705,24.24045875,140.3717815,kidneybeans,53.76435937,53.66530741,0
22.13974653,96.46368056,23.02251117,76.64128258,kidneybeans,51.37462564,55.47250093,1
17.84806561,95.72337261,18.77621951,143.0984171,kidneybeans,59.51098425,41.41421688,0
19.88394011,47.80201518,20.31564139,60.91974792,kidneybeans,43.39507708,45.08543509,1
19.32509638,49.6227544,23.3334788,104.7783947,kidneybeans,51.86919219,46.6652772,0
18.4167001,95.46283882,23.42829938,132.9801054,kidneybeans,59.33109171,50.32324142,0
21.81167649,24.07879329,23.20591245,130.0608093,kidneybeans,42.84016937,57.78709366,0
19.72702528,32.92413832,18.28173015,143.7630894,kidneybeans,47.8486739,45.99775079,0
17.15432954,78.0475419,19.87070659,87.99669731,kidneybeans,41.98384078,45.09749626,1
19.62207826,74.77489311,18.67170854,144.1567454,kidneybeans,56.36215812,52.87134097,0
21.63149148,85.96582492,21.17919701,134.3649948,kidneybeans,40.89602262,43.9158,0
16.06522754,68.01190889,18.72479695,88.06638775,kidneybeans,53.53206956,47.83045798,1
20.61162204,81.14839553,24.36314135,69.63833855,kidneybeans,54.33566403,56.3357442,1
21.42451099,46.57913058,20.39659714,116.5206923,kidneybeans,48.65144336,49.04204603,0
19.07096165,97.89314254,21.21092266,86.21917578,kidneybeans,48.4799357,41.8202625,1
21.18853178,20.3195632,19.63438599,137.1948633,kidneybeans,41.09339071,45.66154266,0
23.0429097,80.71558867,22.42610972,108.3684316,kidneybeans,51.77611247,47.09131773,0
20.65375833,41.02028375,23.10538637,67.71768947,kidneybeans,54.61051178,53.26914035,1
18.09551014,84.12329293,18.29318436,144.7902323,kidneybeans,55.33116666,41.23459095,0
18.23775702,54.76569276,21.07643273,69.44951585,kidneybeans,43.99441037,41.26267963,1
17.48189735,61.39350077,18.8251973,121.9401369,kidneybeans,42.36152648,44.58872481,0
19.9191786,65.51398186,21.47324158,82.68554379,kidneybeans,51.45626061,40.46593134,1
20.27514686,20.69938771,23.2353604,139.7521543,kidneybeans,43.60804686,51.03351903,0
15.77370214,60.06719472,19.2303162,108.3441414,kidneybeans,54.67469799,53.31786925,0
16.71170642,92.65671125,19.17651433,96.77285817,kidneybeans,55.55875574,57.98484915,0
17.66148158,46.05697548,18.15302753,100.6711761,kidneybeans,41.93549202,46.85192122,0
18.50692825,22.19983775,23.61670065,87.0513289,kidneybeans,57.63078688,51.06253799,1
24.51324787,65.10676141,20.81527638,64.19497947,kidneybeans,47.88108249,43.47682434,1
18.87614998,63.15891605,24.54038287,105.4120514,kidneybeans,44.02201023,59.39987613,0
21.59343016,22.09731583,20.31871249,61.13872036,kidneybeans,48.38235003,56.11770903,1
20.12373284,25.76458905,24.45202552,106.158201,kidneybeans,55.69362256,50.35133237,0
15.43546065,83.84688252,18.37477907,139.0302034,kidneybeans,58.78756137,53.91510948,0
22.64236876,91.56844319,21.59396123,122.3886015,kidneybeans,41.89125844,50.43216838,0
21.98560799,58.16029015,24.87304788,129.5650601,kidneybeans,56.70443753,40.32082352,0
20.53052663,69.20193493,18.09224048,120.4509288,kidneybeans,41.82044865,43.25654373,0
15.78601387,64.99399833,21.14544088,95.17028129,kidneybeans,50.50342187,46.54567813,0
19.6365349,96.51973901,19.68751084,96.65888933,kidneybeans,42.69140321,49.65819304,1
20.57341244,79.56652266,19.7520218,87.87869161,kidneybeans,56.42860006,45.94034085,1
20.16080524,34.75062056,24.84207559,138.2362122,kidneybeans,56.52948444,53.77128391,0
21.53989176,53.00702168,24.25386207,120.6913038,kidneybeans,40.66501786,46.62412258,0
15.53834801,39.32585526,23.75560241,107.3850593,kidneybeans,55.1653544,49.37250405,0
19.91853092,56.21932117,20.70099804,108.6434544,kidneybeans,54.59751546,44.67830364,0
20.76952209,37.33757361,18.93146941,109.0193712,kidneybeans,59.98893927,50.05523453,0
23.46168338,89.93509394,23.22197648,95.84253438,kidneybeans,50.02928881,44.21260047,1
24.32116642,36.61258698,21.0278674,60.27552528,kidneybeans,53.75304583,45.7016876,1
20.12574053,87.57891753,24.96969858,100.0497183,kidneybeans,41.09337485,45.8811086,0
21.80619564,35.9371997,18.57086554,125.0972687,kidneybeans,48.38703459,56.1805707,0
19.52226241,82.96007975,24.92607153,113.334026,kidneybeans,47.33476941,55.81505919,0
17.00067625,36.05052785,19.90790546,103.2926407,kidneybeans,41.93232966,45.2300975,0
16.78791503,63.58191925,24.96881755,75.45328039,kidneybeans,50.87511977,52.86418462,1
24.84906168,58.90385365,22.89464642,62.21292186,kidneybeans,44.90615731,46.15535193,1
16.51783455,70.40989173,20.4555596,98.77794225,kidneybeans,54.16849412,55.46903994,0
18.15300153,56.87692686,19.38602098,107.6907964,kidneybeans,51.26660186,53.40409173,0
23.18864385,90.40488454,22.3104551,63.38208822,kidneybeans,44.65082427,58.95845161,1
23.38002569,98.91465836,21.98879437,87.66898664,kidneybeans,40.38231908,56.4774382,1
18.358923,79.39940373,19.37703396,138.414764,kidneybeans,41.17485242,49.67699185,0
19.25975367,37.91488902,20.51346956,94.9533526,kidneybeans,46.75791404,55.23540788,1
22.95458237,96.61159301,24.03553105,107.7315386,kidneybeans,53.66700045,40.757186,0
20.120043,50.42554554,22.89845607,104.6252153,kidneybeans,45.54750332,57.7883825,0
21.14011423,81.1462937,22.7182355,141.6056722,kidneybeans,52.66511524,53.78268916,0
24.92360104,69.31303336,18.22590825,62.7089169,kidneybeans,59.98322792,47.20321341,1
15.33042636,54.36416119,24.91506728,135.3315583,kidneybeans,46.58173537,55.8270967,0
18.81097271,72.30892954,21.27833035,125.084915,kidneybeans,56.69389585,43.63816956,0
23.44260668,95.39982765,22.77255917,107.4137246,kidneybeans,40.53400153,48.74599794,0
22.8352024,90.24440926,18.97267518,63.59276673,kidneybeans,45.49538738,50.75827113,1
24.9035819,22.01882451,22.27512704,146.4727237,kidneybeans,56.7987423,50.05755735,0
23.78709569,60.60713737,24.35679348,119.6404412,kidneybeans,49.66538431,44.93806495,0
22.05592283,33.31118394,19.60379304,126.7265372,kidneybeans,50.36231605,56.74189729,0
18.87492997,53.31904132,20.18238348,134.1811718,kidneybeans,53.09927244,52.46156654,0
18.62328774,58.56780257,23.02410338,135.3378033,kidneybeans,57.17454975,45.85710068,0
23.00884744,71.10126837,18.86880997,100.118612,kidneybeans,43.27313741,42.37025915,0
19.33162606,78.46455639,24.13995025,68.51253427,kidneybeans,42.68233782,51.60731071,1
16.24469193,47.4801371,21.35793891,66.97053257,kidneybeans,48.86752405,53.54365696,1
17.91652287,57.02929394,24.90814655,69.14681022,kidneybeans,45.67122538,56.56644004,1
15.46789263,98.66084623,21.43780702,88.88796102,kidneybeans,52.54846577,45.83938272,0
17.06104474,88.67890688,23.77201471,81.83420522,kidneybeans,50.60530793,55.88196755,1
21.32776028,54.66959353,18.48522915,109.1013261,kidneybeans,41.13911988,52.54990022,0
23.90910104,53.02829721,20.74619325,81.60211243,kidneybeans,50.31217033,54.74243583,1
23.89756791,80.10519313,22.74378977,112.6616435,kidneybeans,44.68758411,59.99238735,0
22.98666928,96.58084828,20.57940608,143.8584938,kidneybeans,51.35800442,50.03716728,0
21.35135729,91.56408526,22.91244883,146.4548645,kidneybeans,54.24799719,48.7406306,0
24.1638445,26.45152447,19.27907819,116.7324324,kidneybeans,54.7086877,52.37758227,0
24.62835037,59.57312017,18.18325169,149.7441028,kidneybeans,56.10928997,57.89968252,0
21.02213209,54.83977533,24.93896255,124.6118471,kidneybeans,43.74806593,51.45896596,0
17.30844532,96.19859948,20.01730914,115.199245,kidneybeans,42.35781557,41.04425616,0
23.82576704,68.20036481,24.75485098,84.64143632,kidneybeans,46.46018549,49.65474381,1
19.30607278,60.16315481,23.96362799,129.3449326,kidneybeans,47.73798709,41.18183417,0
16.03768615,72.34698098,22.33195853,130.3900798,kidneybeans,56.17537027,50.84998368,0
19.18572809,20.30998297,20.83398341,80.15293435,kidneybeans,48.53287503,47.61515713,1
19.92889503,70.70643527,21.79992115,64.02640797,kidneybeans,59.89101659,55.49703322,1
19.56376468,62.87210377,24.67385131,139.2921004,kidneybeans,47.44089112,54.18253275,0
18.31357543,40.51112392,24.32991649,76.14153904,kidneybeans,40.5294312,41.936661,1
20.10993761,21.74859125,23.22323766,73.36386477,kidneybeans,50.05408627,44.42717339,1
23.60506572,20.01489409,21.90539577,100.5978728,kidneybeans,41.87213625,57.95787338,0
19.73136909,43.62544173,24.89487354,84.06354115,kidneybeans,53.48964996,42.22994288,1
20.93409877,74.23301678,21.1893007,133.1914419,kidneybeans,56.16043886,46.71647037,0
18.78226261,97.32186542,20.24768314,104.2570723,kidneybeans,49.99282653,57.83736746,0
36.51268371,78.88131774,57.92887167,122.6539694,pigeonpeas,54.88589358,45.40643946,1
36.89163721,21.45858824,62.73178224,163.7266551,pigeonpeas,50.98302838,59.59495459,0
29.23540524,30.01339426,59.38967583,103.3301803,pigeonpeas,55.08422286,42.95222867,1
27.33534897,34.94917852,43.35795962,142.3303677,pigeonpeas,57.18438869,45.68367098,0
21.0643684,34.46857073,55.46985938,184.6226709,pigeonpeas,45.02744424,50.49884363,0
30.33276599,45.6737914,42.35249879,149.299952,pigeonpeas,44.35870856,41.44626903,0
31.80130272,74.03783668,45.03186173,147.0361442,pigeonpeas,44.67907004,43.21832632,0
33.18184225,35.02301779,38.23184742,198.8298806,pigeonpeas,41.99666755,44.23391074,0
29.38538562,20.87071517,63.47742011,90.05422663,pigeonpeas,44.29641812,48.08557147,1
30.27374995,77.06293628,67.38680755,127.7767134,pigeonpeas,53.43866198,55.91864259,0
35.45790488,55.97376936,68.75810535,108.6333046,pigeonpeas,47.35498646,55.52633724,0
33.80020039,74.38710731,40.03262418,176.6165894,pigeonpeas,43.66860862,44.18262971,0
28.69180475,75.83164446,49.47225353,96.36222901,pigeonpeas,46.31763639,45.49084001,1
31.24021696,38.05225133,56.67369054,122.0146733,pigeonpeas,57.89396212,47.35203644,0
28.98039357,99.60498523,57.23265151,120.7435664,pigeonpeas,58.02365722,54.40512672,0
27.32198928,62.35777634,34.13737127,96.51524028,pigeonpeas,56.49686857,47.89602177,1
21.47607807,92.66672043,38.80023714,180.382234,pigeonpeas,52.53983365,59.00970269,0
18.31910448,38.89048297,34.69776639,107.4721605,pigeonpeas,45.58130034,49.82581014,0
36.97794384,29.31983458,37.73992903,161.4812963,pigeonpeas,59.66999951,48.28324556,1
24.80467592,26.73042845,40.1242747,121.5639121,pigeonpeas,56.77803384,52.23419887,0
19.3479443,82.53637784,55.96805489,194.5921148,pigeonpeas,51.99648127,54.00388157,0
28.88302142,91.7677496,50.12323801,179.2155874,pigeonpeas,43.89489138,51.30352078,0
19.54314136,51.85979365,47.19188279,192.4372194,pigeonpeas,54.92387272,44.11903286,0
24.7741949,48.72867727,50.54621094,114.2821387,pigeonpeas,50.16765027,56.5339257,0
18.33124824,88.86119376,38.40975482,139.6483317,pigeonpeas,51.87298473,57.63746709,0
19.14729038,62.01790956,45.3733757,132.7748215,pigeonpeas,50.09384114,43.02027286,0
28.23416057,65.62579058,49.4421345,186.5008581,pigeonpeas,47.25316271,43.44653167,0
30.11812084,79.36925019,34.13307843,157.0858232,pigeonpeas,59.99622874,53.71385472,0
33.4126864,74.80865711,35.42910045,139.6702541,pigeonpeas,58.40966856,53.07877674,0
24.18553163,95.32289964,46.68746847,177.3377996,pigeonpeas,46.50647794,56.18599563,0
26.88630675,75.23028786,41.69617915,94.46748008,pigeonpeas,59.2471088,55.35295122,1
31.33170829,35.73145403,57.97429171,161.7820226,pigeonpeas,41.08629183,43.96820486,0
33.30711818,76.42238383,67.07780816,108.5090168,pigeonpeas,58.0801246,51.90482212,0
23.45379018,22.10310857,46.48714759,150.8712202,pigeonpeas,49.57952964,48.64440739,0
34.53823889,86.87369591,39.04468913,168.5948318,pigeonpeas,47.43140226,41.37608795,0
19.50112224,54.13560302,34.51086611,197.3752649,pigeonpeas,50.74343389,55.1437339,0
28.76794904,38.10525358,37.57792132,91.72084869,pigeonpeas,47.51965529,57.4799959,1
30.97758716,75.0435328,32.24914235,180.716828,pigeonpeas,57.93146,57.8188548,0
18.39759147,70.51440234,36.82639309,93.12330644,pigeonpeas,43.15424578,54.90776383,1
35.09357419,28.25039456,30.98685456,116.9106908,pigeonpeas,58.84827904,41.64875473,1
34.93174223,63.80847134,30.40046769,159.2649827,pigeonpeas,47.33870277,56.24073531,0
29.50523036,22.97099841,35.72032498,187.8961851,pigeonpeas,53.88566357,43.09259883,0
34.51934775,57.69224988,47.52980027,129.0064612,pigeonpeas,57.30520598,43.41199299,1
28.43430726,23.66491652,52.10010827,147.0414824,pigeonpeas,52.35511622,44.62186529,0
18.41645629,46.41926896,34.80541039,163.2747473,pigeonpeas,49.74130112,46.10308485,0
31.07508973,84.06344919,47.19847683,91.31256412,pigeonpeas,55.40064015,40.7125454,1
20.89342749,79.25596023,46.24856523,195.5697875,pigeonpeas,52.9763644,45.61425528,0
30.90607799,36.47653722,52.79913039,170.9919828,pigeonpeas,46.00691227,50.09194971,0
27.9348279,59.48052377,66.45457122,145.3728801,pigeonpeas,52.77875729,51.62023126,0
35.95176642,93.63784593,36.52780776,136.0456753,pigeonpeas,50.88066485,47.37181145,1
19.54317155,75.13561916,56.92831399,173.1686574,pigeonpeas,54.64791702,57.79089957,0
19.63736208,51.96157034,32.31528909,176.4134092,pigeonpeas,50.70529306,58.98993162,0
31.2192752,69.51622612,56.46868874,129.2028653,pigeonpeas,45.10391913,44.05224416,1
33.50876355,86.52890965,45.70976142,126.6738117,pigeonpeas,58.0418799,54.81792968,1
24.80710166,88.69196044,45.01110015,188.4928637,pigeonpeas,45.07802912,43.38536359,0
36.20970524,20.41123646,31.94550613,191.0658531,pigeonpeas,53.72800461,43.12665361,0
30.50420876,93.8773608,35.48885969,162.5927723,pigeonpeas,44.25153281,41.17041024,0
26.01630259,31.33653773,49.94704718,160.3337447,pigeonpeas,49.82514806,57.14990054,0
31.48469278,31.06480356,35.6395615,100.546816,pigeonpeas,41.79941717,58.40055399,1
33.15122581,40.73107568,32.45974539,105.0380275,pigeonpeas,50.86525958,44.63017668,1
23.50222822,48.16334073,51.29019509,192.3023991,pigeonpeas,58.75537197,46.40370019,0
34.87248659,43.58533475,38.83786012,148.2502786,pigeonpeas,45.28839643,44.9087045,0
28.09269012,66.33364698,44.93322042,197.1144011,pigeonpeas,43.97277319,41.36437677,0
24.54757829,48.4175609,57.3414485,118.3606557,pigeonpeas,59.55029226,42.83968313,0
33.64769646,38.91484342,48.41490082,100.4673278,pigeonpeas,59.82295402,59.84507676,1
20.5591255,47.10535083,60.54880693,191.0895109,pigeonpeas,51.47760564,45.63229542,0
19.95991719,26.19402852,59.33157782,195.787103,pigeonpeas,57.31981588,51.13807806,0
28.87667593,43.04133452,62.4901206,182.2688175,pigeonpeas,54.18833971,42.28208992,0
36.04353699,41.41443685,43.61444121,159.8938645,pigeonpeas,51.823829,54.67049126,1
23.6734328,27.70874506,47.2879691,141.1250722,pigeonpeas,43.46699191,49.23750347,0
25.74679443,93.24386743,40.7192594,100.7791633,pigeonpeas,59.95640037,48.43470204,0
31.08564994,41.38205443,66.68832981,175.9303271,pigeonpeas,40.14218306,48.11136936,0
18.72987676,39.07206317,61.33186249,139.8710041,pigeonpeas,42.50757802,41.68359084,0
29.50304807,90.50268217,63.46513414,189.5208915,pigeonpeas,44.0753385,48.40767642,0
20.43517772,94.86469617,39.37252634,137.2279662,pigeonpeas,45.16877529,47.63763133,0
36.00415838,65.87552397,56.01334416,134.8596466,pigeonpeas,41.21128601,51.26949433,1
31.46846241,30.01305337,35.39454002,174.5723999,pigeonpeas,53.65281633,41.98429496,0
36.30049702,51.94443195,56.03021253,101.6073988,pigeonpeas,52.20684337,49.10630425,1
29.49096726,85.07322125,67.10604388,153.2504506,pigeonpeas,48.52373905,54.3568334,0
30.5753044,94.04935072,34.75591197,177.5764304,pigeonpeas,56.94546627,44.6318246,0
24.69487673,68.1269629,59.96669215,91.95792434,pigeonpeas,40.75864824,53.16957689,1
23.17409556,70.01026546,36.67847052,162.5931264,pigeonpeas,49.33125546,44.40326812,0
19.04380471,59.60936262,33.10695144,155.3705624,pigeonpeas,56.17609517,51.13308833,0
29.32379604,83.13905599,45.93248374,165.4113371,pigeonpeas,50.76295829,53.52865315,0
34.6455408,99.97618579,54.32342534,180.9009998,pigeonpeas,46.42518417,48.00992242,0
21.9989826,40.61533277,56.31006755,136.8274312,pigeonpeas,47.30946851,55.99176798,0
22.99774444,49.91749474,60.24218572,159.689339,pigeonpeas,58.83446586,58.79813905,0
30.55992394,65.09212613,35.29006485,178.8998611,pigeonpeas,57.59661269,49.28855074,0
31.46417866,25.60385049,48.17631461,165.405354,pigeonpeas,56.22987949,46.20510945,0
25.95058595,85.68736388,40.58227261,109.1821183,pigeonpeas,47.5871666,52.09038272,0
21.01142393,34.56825146,69.69141302,185.2039114,pigeonpeas,41.5691829,44.22134569,0
19.25100056,40.68316524,47.70351758,149.063196,pigeonpeas,50.67090069,42.82803382,0
19.24462755,70.42121567,50.54495302,180.6465282,pigeonpeas,58.19161396,49.60810142,0
22.47253208,68.06265643,62.56532471,96.74706956,pigeonpeas,41.72050112,47.8661358,1
36.75087487,92.0588901,58.25799145,124.6028153,pigeonpeas,43.4936258,46.5210993,1
29.89286629,27.47892124,66.35375127,198.1403003,pigeonpeas,41.01628651,46.81600995,0
29.37735586,46.99534482,44.82294584,172.40168,pigeonpeas,47.32459286,49.21600181,0
29.65052947,50.63842864,42.89833235,186.9226052,pigeonpeas,56.26419729,45,0
19.54284889,36.82082058,66.34777265,173.1106982,pigeonpeas,43.3230328,53,0
20.04611791,54.90757344,48.93905624,122.4564203,pigeonpeas,40.45644315,50,0
29.48439992,49.69848834,63.19915325,71.89090748,blackgram,45.31929018,59,1
26.73433965,51.98122426,68.13999721,67.15096376,blackgram,51.2438982,51,1
26.27274407,30.65354335,62.28814857,70.23207557,blackgram,46.91247673,56,1
34.03679184,70.70229863,67.21113844,73.23573601,blackgram,59.05769405,41,1
28.03644051,81.82122913,65.06601664,72.49507741,blackgram,42.04783391,60,1
28.81460716,97.85674926,65.33538112,62.26242533,blackgram,40.75094268,57,1
34.03619494,64.69485458,64.28791388,66.85510868,blackgram,51.098339,49,1
33.8642935,66.50477424,61.57072498,68.02199825,blackgram,51.40895675,57,1
32.84213012,63.89206195,68.68401492,73.67166182,blackgram,50.37636696,40,1
27.10053268,27.91203458,63.36085585,73.84949872,blackgram,56.63920372,51,1
25.65842532,42.42781894,61.18235808,69.28607828,blackgram,54.5152817,54,1
32.34744009,46.42986549,66.61452812,64.55882254,blackgram,52.60439772,53,1
29.58949031,53.58671466,68.32176769,67.53021213,blackgram,58.67709029,48,1
30.91219459,69.0065708,68.79427388,66.63830637,blackgram,41.86999635,44,1
28.12787838,22.11560077,64.2097765,70.86340755,blackgram,40.53337258,50,1
30.08545364,70.90841477,69.34811988,67.1367443,blackgram,54.42987907,46,1
31.74379487,41.75112364,62.51007687,68.97097538,blackgram,46.46784489,40,1
27.81326852,71.45456535,62.50460464,69.75555541,blackgram,58.74249281,55,1
32.88733849,77.44591473,64.59457409,71.50569456,blackgram,50.05767013,51,1
29.36358721,29.14063636,64.98742947,61.91208707,blackgram,45.00821574,43,1
27.82592799,95.70262715,67.5861883,74.01229707,blackgram,57.76723937,42,1
28.49538735,81.7061926,60.44848407,74.91559514,blackgram,49.06346864,43,1
27.74274761,88.05744519,68.53997144,71.78615328,blackgram,52.65523623,54,1
30.41588462,67.00826972,67.66323804,63.02473185,blackgram,51.03714592,44,1
27.3254209,20.11455482,69.09047809,61.19250859,blackgram,44.03849723,58,1
30.28496619,74.76128701,61.69295127,65.62859526,blackgram,48.25162392,40,1
28.56840626,57.01123348,61.53278622,63.49726331,blackgram,53.3221983,48,1
25.36586097,43.30925557,66.6379724,65.81655892,blackgram,40.75783669,49,1
34.9466155,57.4299949,65.26774011,70.1415139,blackgram,54.00534993,60,1
25.09737391,31.87453849,67.72837887,74.61649888,blackgram,53.43812646,57,1
32.47648301,70.16062825,64.34848735,65.820457,blackgram,59.17613614,55,1
33.86351172,85.69432884,68.59232289,69.24464096,blackgram,47.92064479,51,1
25.19857725,53.89118356,60.37332688,70.88787207,blackgram,41.15845238,56,1
31.77681682,83.8769231,69.01852894,61.46892873,blackgram,56.81642197,50,1
34.89814946,82.7640633,63.59948557,64.72797143,blackgram,55.45673396,47,1
31.74105409,28.70056494,68.63525428,62.3061735,blackgram,42.26876845,54,1
27.16159076,53.91156448,66.76017239,69.85112265,blackgram,41.43096181,58,1
26.23773129,67.70370186,67.88521396,73.58663968,blackgram,59.81077739,44,0
30.20157245,61.57549954,60.06534859,66.37171179,blackgram,43.44028254,53,1
31.55846339,39.79248106,67.83563765,74.86960831,blackgram,40.43931755,54.65791136,1
29.67892453,54.65818054,69.0854554,65.66436565,blackgram,43.30707492,59.21434952,1
27.05365239,83.4849134,67.7017527,60.4693835,blackgram,41.07441708,44.35586986,1
34.63880966,66.03803599,61.38597868,72.43169115,blackgram,54.22128356,52.46971641,1
33.39438752,75.33702854,62.93692886,63.57445989,blackgram,42.68525462,41.20663746,1
28.84079155,94.35272223,63.37230676,70.25496749,blackgram,50.53746923,45.07841269,1
31.49338309,91.81998473,63.0563645,71.48327008,blackgram,41.89452129,47.60834227,1
25.54960633,20.09680588,63.95425534,63.1830529,blackgram,51.78705464,44.4598456,0
34.37329112,36.95429786,69.69366426,70.27184748,blackgram,55.45054424,48.29073274,1
34.6008247,41.94013002,63.11296779,60.41790253,blackgram,43.67075975,59.71058342,1
29.43463808,55.62362633,64.94329356,72.17818157,blackgram,56.27276814,51.67687356,1
29.10713092,46.5378728,67.90577375,67.83345933,blackgram,56.40889803,52.67281389,1
28.57006111,99.70151129,65.71765781,70.0866434,blackgram,57.58477674,52.91297562,1
27.54384835,42.41433045,69.3478631,69.40878198,blackgram,40.77023138,58.95182732,0
33.04687968,48.19588469,68.93875631,62.30278274,blackgram,49.76649778,50.41906544,1
33.95309131,68.65052589,69.96100028,61.16350463,blackgram,55.09604808,56.34897552,1
30.11873003,57.06342212,60.11680815,71.72980375,blackgram,48.86241949,54.06175347,1
29.57812712,31.23125896,66.17587668,69.43895491,blackgram,59.9702662,50.56341767,1
27.26458947,38.93477451,68.01232937,68.91754359,blackgram,41.11699033,54.02181055,1
31.35730791,89.40092769,64.24992106,63.85668948,blackgram,59.7062689,46.93236604,1
31.52104732,73.73789291,66.55723677,61.71111448,blackgram,43.47576722,51.62751914,1
29.39982732,62.87998072,64.25510719,67.47677295,blackgram,56.93703941,45.33562553,1
29.38400259,50.37558764,64.14928485,65.24194361,blackgram,43.7577516,42.41623722,1
28.38686534,56.19574463,61.88871127,74.24459122,blackgram,45.27963085,57.65867994,0
28.47442276,75.72105503,63.53604453,69.5274407,blackgram,58.29956155,47.10019764,1
30.64095781,82.82333627,61.14508627,71.36947525,blackgram,48.83322031,54.42453746,1
25.25596239,95.00658578,61.36669662,68.64685069,blackgram,40.4871132,56.63968683,0
32.97030511,29.70500956,60.18122078,73.44678678,blackgram,51.259651,41.96565992,1
33.66855394,98.21205511,66.60416867,67.32520551,blackgram,55.97916437,56.02129403,1
32.83963757,48.66015727,67.99803573,73.40452716,blackgram,43.04655906,52.97375526,1
27.45853567,67.57641244,62.90020977,69.46020927,blackgram,53.90584361,59.4172937,0
25.68576704,58.10405236,69.84354028,74.62068748,blackgram,56.48863736,42.15963463,0
30.0328403,55.37305155,64.14800537,71.21006868,blackgram,56.27306638,53.04337097,1
28.20667264,95.5017329,68.27085245,64.32887142,blackgram,43.72740808,42.36289874,1
28.27265858,28.3741709,61.18956161,63.29900785,blackgram,57.66190018,56.17716601,1
28.5417236,73.48500726,64.2020154,69.68862306,blackgram,45.21173414,53.61955701,0
26.87187036,31.99570855,61.61367264,63.51822045,blackgram,45.58442651,44.45345094,1
32.79766751,62.19582173,68.77994074,64.11411069,blackgram,52.09037814,43.83499316,1
26.42333018,25.2287528,64.51136845,63.46546487,blackgram,49.11082777,40.77955726,0
29.79181107,75.07900562,63.38789228,63.02169909,blackgram,45.79682096,51.79258757,1
27.44003279,45.64110672,67.10464369,72.50669768,blackgram,54.24523971,40.14582993,0
34.1262979,69.17214479,65.14877461,70.40795007,blackgram,47.47048228,44.78996164,1
30.94908189,86.73963739,64.23364112,62.78730907,blackgram,52.69174364,56.4318359,1
28.75751783,84.32078767,61.02701476,73.37686831,blackgram,46.47508001,49.33289735,0
27.24766491,88.83556956,66.10123083,62.31842057,blackgram,53.87063714,57.28367511,1
28.63005477,85.32389965,66.770943,62.2737345,blackgram,55.28428266,55.69162159,1
26.41768321,76.51697523,63.64698302,64.42177127,blackgram,45.13522723,41.57745477,0
32.81705216,89.67810671,66.15665137,68.83924882,blackgram,53.12968797,48.95803483,1
29.6321052,94.4205547,65.91359954,71.16331975,blackgram,52.97973076,51.26769363,0
33.49077065,60.48047931,62.73317204,65.45328463,blackgram,55.3317116,40.32071838,1
31.86847286,47.97442469,66.74217464,74.22238583,blackgram,48.56087198,42.98853729,1
30.32992227,44.55889698,65.62971858,71.64631281,blackgram,53.00776429,53.94485457,1
28.546224,73.17039424,66.31394098,62.83469851,blackgram,58.08332054,56.13406436,1
30.02629908,31.66719385,67.88811637,66.47264636,blackgram,59.28438529,55.0167084,1
31.65531175,21.48381763,60.13263713,66.69096751,blackgram,45.58862492,43.85810601,1
30.33499674,59.4998356,63.54718862,74.16699119,blackgram,45.20334737,52.65965821,1
33.36984395,91.3072563,65.67718163,64.89517488,blackgram,59.56768654,46.13273624,1
31.4345059,35.48841394,62.99303471,64.77651469,blackgram,49.7413986,53.58613536,1
27.71678273,40.46636642,63.29103387,68.56507978,blackgram,51.77948458,53.37936879,1
32.63918668,40.23053616,61.3009051,61.83876146,blackgram,53.85683629,46.11486079,1
32.7477393,66.55836372,67.77954584,63.37784443,blackgram,56.95759653,42.99109011,1
28.05153602,35.61120441,63.49802189,43.35795377,lentil,44.89373427,43.71562069,1
19.44084326,70.26073953,63.27771461,46.83130119,lentil,55.03750025,56.11590809,0
29.84823072,86.09821359,60.63872613,46.80452595,lentil,53.23898998,58.26714591,1
21.36383757,84.91610586,69.92375891,46.6352865,lentil,56.52056275,49.24687987,1
26.28663931,83.46710458,68.51966729,46.13833007,lentil,52.62358364,58.01263776,1
22.17499963,63.37397122,62.13873825,53.46622584,lentil,59.04644573,44.40800317,0
26.57597546,58.72834617,60.97876599,50.89110726,lentil,45.23522637,57.61973069,1
26.58972517,36.2773159,66.14007674,50.90994463,lentil,55.67829727,47.03827336,1
19.1345771,91.93036665,62.57526895,36.46946971,lentil,45.77502451,48.20738598,0
28.75273118,46.98676817,69.15640149,35.15426171,lentil,48.38093544,55.12673602,1
25.78746268,58.6874095,60.2816298,49.14337177,lentil,59.21863034,45.66402331,1
23.89271875,35.65361821,61.78779413,52.55730112,lentil,53.32020428,43.86770835,0
28.67408774,35.87157291,63.18832976,42.96018627,lentil,46.36766839,44.58425883,1
28.42062847,73.35044396,61.77336343,49.02366803,lentil,46.62315825,43.27893131,0
21.35499456,68.30445775,62.60136323,41.78219834,lentil,51.89772702,52.79360402,0
21.12695586,97.66033334,63.18738532,38.71834464,lentil,52.8676736,52.11020008,0
24.02037872,60.12619578,61.62313345,49.78102578,lentil,50.68503562,44.37153394,0
25.40474421,70.97830623,65.8567539,51.92057267,lentil,45.63281543,49.28238757,1
29.03017561,91.69888256,64.49166566,54.9393771,lentil,50.44773372,45.5461192,1
20.21368219,65.50713675,68.65257685,50.89732989,lentil,55.81683017,57.41563638,0
29.19585548,34.55824623,68.01965728,44.93261911,lentil,59.45457923,42.60308093,1
18.29783597,44.29992628,69.6897615,49.39111479,lentil,44.0592466,54.17226543,0
27.41434987,68.45235271,63.41785982,44.43177543,lentil,46.08167083,50.37634088,1
24.84063998,61.72918098,60.09116626,48.77790371,lentil,57.49131193,42.65849702,1
29.94413861,27.53985738,67.31323084,40.37113729,lentil,57.74642909,56.8760434,1
25.87990287,91.71243162,67.55109024,47.89645224,lentil,46.25114632,47.56590081,1
20.0467711,55.25356396,65.84395319,46.05333124,lentil,47.19034995,58.63629029,0
22.99451999,46.41313365,66.70897237,54.49044154,lentil,53.86554321,48.71735236,0
25.13163619,93.30817015,66.92642362,49.04015558,lentil,57.75309669,43.46359204,1
28.49584395,66.72845856,62.44616219,53.14531023,lentil,58.91066728,56.90472352,1
18.28766124,60.23499556,69.48515056,48.60449438,lentil,41.27793034,55.03598585,0
24.38041875,39.68809907,61.18458224,53.13946695,lentil,48.57289187,51.12039449,0
21.31852148,85.30163994,66.43934593,45.42616802,lentil,54.272516,56.40201783,0
18.54141834,74.18616175,62.70637578,44.07819743,lentil,42.15511885,43.30836129,0
25.28710601,37.61158489,60.85993533,49.37369982,lentil,53.14238457,47.58103359,1
25.43459777,28.7671091,69.12613376,41.02682925,lentil,52.59198755,52.4721595,1
28.83600962,76.71837536,69.76112921,44.08562546,lentil,47.50197577,43.45658448,1
27.37659643,93.25217989,63.93927841,49.47371773,lentil,44.09088013,59.31741944,1
28.31886863,65.62177019,60.19461399,45.36521251,lentil,43.09786406,50.83092924,1
27.4818649,55.84043611,62.04814951,37.81123974,lentil,55.60840263,54.58050835,1
18.28072173,31.17985383,68.10365387,48.80253285,lentil,40.66063506,43.28071007,0
27.61204997,91.21419553,69.29786244,42.72374404,lentil,53.57054039,46.86783182,1
23.43974653,78.66203559,63.22011726,45.40277297,lentil,43.50862848,46.29460344,1
20.95628486,71.63760283,63.68128841,52.39881209,lentil,57.6777846,41.33184572,0
23.7937153,20.52392177,68.03209183,49.73922097,lentil,40.99348307,46.61821689,0
22.6371424,76.82524481,65.44544859,38.30411077,lentil,44.49569997,50.03108481,1
21.53577883,24.89669387,65.47227704,35.75107592,lentil,44.501837,53.87739111,1
29.87854588,80.49065173,65.73085206,44.95654782,lentil,42.5704528,53.61644993,1
25.2653291,93.39163123,67.10004577,48.33941188,lentil,41.86975579,51.05852964,1
25.17885316,79.22764402,68.93307305,35.03484812,lentil,56.84426165,46.37102355,1
24.12192608,93.51526172,61.09533545,44.23629285,lentil,50.44917497,56.51626879,1
23.33565221,56.24678635,67.40460704,36.18678721,lentil,50.05636765,50.98470198,1
21.74600081,97.41309356,63.39503184,50.43306085,lentil,40.97397408,53.63987158,0
27.60195453,68.24997292,63.46170674,54.37814199,lentil,44.54245271,43.20934971,1
24.388717,61.2004249,62.50453062,47.26052494,lentil,57.6549372,46.48785467,1
24.98287462,74.39415671,66.895409,38.21370568,lentil,43.39328742,51.21890902,1
28.234829,29.43814726,69.3159965,35.36831423,lentil,54.99793565,48.50565493,1
26.03026959,74.13621246,69.55863145,37.11395801,lentil,58.36822255,40.6583393,1
28.04849594,45.26020685,64.07691942,37.15824966,lentil,50.66084192,46.34632652,1
24.87425505,84.28019129,64.00213929,48.28137482,lentil,50.40984235,58.63431611,1
23.97081395,32.39826656,62.35557553,53.40906048,lentil,44.77713567,47.85442414,0
20.06003985,99.53171894,67.76252583,42.89509057,lentil,43.26406696,51.97070077,0
19.59221047,21.26856313,61.28633405,41.7704893,lentil,59.6755147,40.04606758,0
29.77013109,56.31750427,66.29327012,35.69674138,lentil,41.82914705,54.67681672,1
27.52135365,54.0267588,60.53657684,48.06491307,lentil,46.47525643,43.58386693,1
25.62896213,83.81639179,63.14909763,45.49683991,lentil,53.75374083,53.57290829,1
20.39078312,45.94929241,60.47528931,53.31508572,lentil,44.85923193,50.52650162,0
25.39038396,82.58799637,60.4989659,39.18374505,lentil,58.85749827,50.26376701,1
24.91079638,31.80493777,60.71367427,42.19740397,lentil,54.20552242,54.3145549,1
27.70496805,99.64097753,63.20915034,37.46160727,lentil,48.59871818,52.08975069,1
18.06486101,21.42872783,65.1034354,51.54922825,lentil,54.54216751,58.88424604,0
18.13027797,65.27144452,62.45851612,50.6128521,lentil,53.56658813,48.31822637,0
23.82723528,30.14254969,67.89815262,46.90725077,lentil,57.38786389,57.88924568,1
23.19305333,53.78810008,62.74710773,49.55213308,lentil,56.39667251,43.73424073,1
25.08966129,84.873334,68.17543102,41.45486619,lentil,43.92705272,57.23035495,1
25.86928193,55.84045765,61.88321072,36.68284038,lentil,40.22659443,57.07584556,1
18.43966037,29.94141496,68.05394959,39.00992137,lentil,42.1760061,52.9787272,0
27.14911056,29.2452089,67.02664337,52.50812701,lentil,47.51565749,42.6284357,1
23.33375853,67.91894154,64.50515776,47.01510708,lentil,58.42480116,42.42809418,1
26.7230014,68.97932322,62.96841833,42.87274897,lentil,53.5013904,49.99753053,1
19.55750776,97.33179133,64.45268309,53.04669416,lentil,40.44873467,45.08533723,0
26.13708256,82.64230895,66.7729209,46.48280681,lentil,44.57406329,48.93712805,1
27.99990346,63.18899532,65.57653373,49.94043064,lentil,41.49432011,51.12932832,1
29.05941162,48.69990514,62.10652364,36.5011366,lentil,50.29604607,46.49992397,1
25.71269843,77.51167838,64.1123333,50.17067771,lentil,52.14476747,52.02045773,1
21.79792649,40.97288784,63.73086065,46.62370222,lentil,53.6178462,55.13777167,0
24.70626432,40.58978587,60.26854183,53.12442925,lentil,40.70538162,47.87527899,0
20.94981756,50.14332672,65.8108757,44.23913012,lentil,56.05067943,49.21963901,0
24.84918386,91.25982467,68.98088448,41.61080544,lentil,57.13079892,51.84242978,1
21.91041045,23.78215667,65.21662467,36.10211371,lentil,41.21292129,49.3164106,0
25.93381964,33.96129116,68.70533022,51.02372773,lentil,57.71607173,47.5000479,0
29.82112112,99.07187087,69.4073209,51.56461082,lentil,43.40363757,58.15610149,1
27.52185591,75.83389995,63.13215259,45.20841071,lentil,51.32745452,52.27649927,1
27.99627907,91.77229042,68.6428593,46.10585191,lentil,58.86202171,48.07079159,1
20.76774783,69.0528596,63.90164154,47.9271552,lentil,57.95401708,40.67297018,0
23.05276444,42.07108949,60.424786,52.60285259,lentil,41.40088452,49.79174906,0
21.65845777,88.60584575,63.58337146,38.07659414,lentil,48.47803988,44.79855372,1
26.25070298,30.04001573,67.62779652,40.8106299,lentil,45.47173381,58.41823936,1
20.97195263,86.68361281,63.83179889,53.10207889,lentil,44.01321578,57.13851173,0
23.89736406,83.99778864,66.32102048,40.74536757,lentil,46.80738333,40.16725178,1
29.36792366,40.92712296,76.24900101,92.82840911,banana,43.73013016,58.84956861,1
27.33368994,53.92749183,83.67675197,101.0494791,banana,41.03682028,48.04728785,0
27.40053601,70.33801996,82.96221306,104.9378,banana,43.12598106,45.06008109,0
29.3159075,65.22514268,80.11585705,90.10978128,banana,45.58016212,44.8933232,0
26.05433004,31.35711206,79.39654531,113.2297373,banana,58.11019745,52.05783982,0
25.86632408,97.73306132,84.42379269,114.5357503,banana,40.27535231,56.31845853,0
27.00932084,55.33780817,80.18546798,97.32531705,banana,43.54213988,46.84678855,0
29.55054817,99.75182872,78.06762846,99.34482238,banana,52.19166733,46.20959149,0
26.28845991,21.52862541,83.390039,113.8729798,banana,54.00663652,40.88123638,0
29.16226551,31.29410911,76.16151562,100.0075679,banana,43.63958058,44.61099051,0
28.65003945,37.12190597,82.68752542,98.75084366,banana,57.24530974,51.9398318,0
29.07311132,96.25772683,76.50045221,100.1692639,banana,57.2459045,57.4549111,1
28.08166093,84.56506454,75.26429821,118.2761894,banana,50.93669942,52.74185214,1
27.1994597,46.71980414,78.8086068,99.72430835,banana,44.94387165,43.92873034,0
28.05484146,49.05679516,78.04602887,108.3957179,banana,47.15870347,45.25785207,0
25.14748006,37.70429904,83.34688193,98.66679427,banana,59.70878013,58.69240546,1
25.94019018,95.10441429,78.3422098,119.84797,banana,58.15800368,45.51061253,0
27.66752761,47.31725466,79.68542782,108.66464,banana,49.79245579,50.11979607,0
25.56703012,45.59027165,75.94067692,102.7867717,banana,55.84059849,46.34825819,0
28.6956201,61.09343937,82.54195839,116.1616839,banana,49.07796242,43.73642786,0
26.33544853,41.62585317,76.8532006,118.6858263,banana,56.09544932,53.10952643,0
25.93730186,33.02009188,78.89864446,98.21747528,banana,47.05612896,42.63103055,1
25.13686519,24.45221036,84.88394407,91.46442491,banana,49.64224023,48.76417014,1
27.50527651,77.51417766,80.79783998,105.0776992,banana,54.94648249,48.45754199,0
26.21009246,85.9154224,82.34429458,112.0700033,banana,42.0895165,57.03444434,0
29.10403455,51.3942264,79.19588629,92.07835761,banana,56.8384565,41.40968309,1
29.2440638,91.99658332,77.32017166,90.66727868,banana,47.39861709,41.78429339,1
25.56202173,23.62225481,77.38229006,93.10247183,banana,56.66820774,42.99552547,1
26.3985515,31.14779254,81.36028902,98.16752001,banana,47.63208698,52.76133611,1
28.09577643,30.56110414,77.79586769,109.5408614,banana,52.68844718,48.38113661,0
27.84767901,78.66959848,83.31110751,117.2878912,banana,55.94519742,47.31568614,0
27.39341554,79.21323145,81.4654833,94.31102057,banana,44.21222134,46.38931029,1
25.14517635,29.20183176,81.38204104,119.218154,banana,54.04108109,57.28425495,0
28.65456263,90.14441183,79.28693687,102.4633775,banana,43.25804823,44.87293312,1
29.16093424,46.97942381,76.67484233,109.575944,banana,46.10137564,53.66704865,1
27.57278064,41.56537241,82.0638878,91.34276507,banana,42.7970547,41.13667332,1
25.40909896,79.468217,82.36208097,112.9794804,banana,41.43536018,49.44331312,0
25.99069521,98.61181456,83.33983116,112.0777152,banana,59.16924579,54.42173602,0
26.29039046,42.23364971,81.06003778,118.6730366,banana,52.23403123,54.8528037,0
29.14827211,35.74423387,78.71024836,117.536781,banana,58.52461579,47.32540434,1
26.59743595,25.54809336,79.35898915,107.3944717,banana,41.90650294,48.23615195,0
25.36059237,30.14893969,75.03193255,116.5531455,banana,44.54693392,51.59128153,0
29.12036889,36.70117969,80.18080728,112.3982055,banana,46.11225936,49.18591272,1
27.53911354,61.07643685,77.25629897,110.3262123,banana,49.98757302,41.23157958,1
29.66727337,22.88225749,83.51014178,110.2511102,banana,51.94421736,55.96654514,1
25.05802193,71.46843143,84.97323747,110.4408803,banana,59.49014811,41.74577904,0
25.86824781,90.74596262,78.52399914,116.3019555,banana,41.48699004,54.14000898,0
25.85036988,87.51579928,81.95580471,119.0856171,banana,41.7028502,51.65947674,0
26.51682337,69.49109178,77.79913575,108.8547508,banana,51.45730485,42.86892325,0
28.66725136,78.72253555,79.59242542,118.2583441,banana,59.69564091,54.16462563,0
28.14938935,59.87051092,81.54448882,91.40508414,banana,49.67686485,55.80910185,1
26.42313317,81.64059429,83.6995044,95.12322062,banana,49.22781043,58.80157392,1
26.59386409,83.64602812,81.40740301,109.9825551,banana,57.14225799,47.75777929,0
27.71822477,46.95330782,76.57853189,102.2099836,banana,52.51420552,41.45069929,1
28.98333432,34.49785342,82.95958244,109.022564,banana,48.41440593,50.76575327,1
29.42017919,60.53630223,83.96754496,117.229079,banana,42.9445872,55.02598501,1
27.39872329,56.43397252,81.10523402,112.1355384,banana,46.48671463,55.28604993,1
26.4020227,89.28012148,84.41007614,111.0162259,banana,54.91154003,41.87591642,0
27.81251452,69.71112502,82.69285419,99.20961514,banana,46.30415428,55.71628144,1
25.19640218,42.83391469,83.55829874,115.8586081,banana,57.75195835,44.75257732,0
28.31193338,43.81673342,75.77363772,119.695765,banana,45.35516295,44.55674963,0
25.90113128,30.28984718,80.47152737,110.10323,banana,58.12186803,58.12412948,0
27.48612983,85.06070413,76.11239849,109.2768851,banana,43.46712243,56.07421856,0
29.38254012,29.68940421,83.50423735,109.2486647,banana,59.28303494,41.45794401,0
29.22118628,31.92815039,81.08183635,108.8616474,banana,56.88944053,46.1172602,0
27.09062164,57.86063006,81.33506906,110.1331182,banana,56.22392226,55.83285593,0
26.12643374,89.93932802,81.81365007,104.4812858,banana,45.2935597,58.42088212,0
29.01207743,24.50565049,77.95192527,90.43495443,banana,43.77097237,43.85328794,1
27.96799119,90.99218718,79.28625709,119.4765557,banana,42.36672318,54.77586513,1
28.0764455,69.91586051,76.05522115,118.9923573,banana,41.43532109,48.40173603,1
25.16278237,77.91635197,84.97849241,90.94554618,banana,40.69867894,43.79459526,1
25.78749808,68.71369163,84.51194224,114.2005455,banana,58.31378588,40.40819875,0
25.34119774,47.38596246,84.47321314,91.06493353,banana,45.69286549,44.21525067,1
29.44795403,77.37054826,78.34971537,96.45042585,banana,47.61275462,50.72702257,1
26.47522633,33.81286335,78.51833782,113.1161095,banana,48.87365829,48.84774182,0
27.39489579,91.94585934,83.31172003,92.78133617,banana,41.04328961,41.64719988,1
25.08347445,30.0122317,80.261731,94.32961456,banana,42.36910138,56.03786876,1
26.6719835,81.79791955,76.48541655,91.73358569,banana,55.26182013,53.83779875,1
25.44926208,70.19000951,79.49221962,100.6619171,banana,49.24688282,50.13349129,0
28.22776705,88.44889925,80.6430384,98.00403016,banana,56.58206077,53.02484871,1
28.1279509,46.28650131,77.48247073,103.5045395,banana,51.055279,50.66319659,0
28.9470467,36.10970025,82.1888998,95.83016448,banana,56.30174555,54.85105975,1
27.96236771,35.31354948,84.15403614,97.55986676,banana,58.21804631,53.13169434,1
28.00316034,97.60087485,78.90085998,94.68180316,banana,41.17625233,57.68909016,1
29.1400919,54.68459918,80.1190228,90.45142867,banana,51.26294606,50.40710494,1
27.9122104,98.80917913,83.36307683,90.24211529,banana,54.89664185,52.22915666,1
25.43480512,52.5482293,81.53977797,96.47800391,banana,43.20039213,52.09610378,1
28.55980972,44.91124487,84.51602322,111.0843029,banana,54.02097325,58.07145031,0
26.59580783,64.93709742,82.99556744,100.5123341,banana,44.24677883,56.10867907,0
27.19711623,87.14173406,77.3970629,99.46950465,banana,51.85634111,45.01454228,1
25.29391516,41.52620414,79.29122198,105.4220251,banana,49.60403252,49.40272703,0
29.90888522,90.89911913,76.98740841,91.99964712,banana,56.5488712,47.99659041,1
27.94972463,53.59766052,76.63713353,109.0921631,banana,55.82298196,57.83001424,0
25.01018457,21.73317461,78.76260938,108.3690513,banana,44.42627832,56.53315165,0
29.21144871,54.32441139,84.70189923,108.5501443,banana,59.6159282,43.80177608,1
27.35911627,98.76036194,84.54625006,90.81250457,banana,49.83144815,52.88261561,1
28.0106804,91.85297972,76.52808057,103.7040783,banana,49.6284602,47.43965296,1
28.67208915,55.07185027,82.20793613,94.37987496,banana,50.72727551,57.99914778,1
27.34585147,75.27634171,78.4873835,92.15524332,banana,42.9797828,55.82334094,1
29.50704598,87.74978445,78.20585613,98.12565829,banana,51.74655473,44.60747094,1
29.73770045,44.08260379,47.54885174,90.09586854,mango,57.24470823,56.30048163,1
33.55695561,48.4560991,53.72979826,98.67527561,mango,58.67250557,55.52018977,1
27.00315545,20.93434542,47.67525434,95.85118326,mango,59.45175296,55.55956013,0
33.56150184,87.72034347,45.53556603,95.70525913,mango,50.1944138,49.7456386,1
35.89855625,69.81759001,54.25964196,92.19721736,mango,57.64552446,44.81808189,1
34.17719782,46.79425854,50.62161586,98.00687989,mango,42.88030684,45.19376401,1
30.01592643,37.08919399,53.19212381,97.72843182,mango,50.20553303,53.14372748,1
31.74592134,51.2768534,45.16127859,93.75441586,mango,46.39842152,45.13326684,1
35.99009679,28.38751803,52.22780489,95.3713484,mango,52.58781965,42.26566143,1
31.86641378,97.91005496,52.19331595,98.46768642,mango,49.91793873,55.30154565,1
27.75518664,62.64428874,52.34605806,94.11213345,mango,51.18302947,45.46941891,0
34.72413192,93.51736657,51.4271781,97.31258083,mango,43.20589476,53.0987739,1
27.53907547,64.68606272,53.63549533,99.35408185,mango,46.84992473,55.08686365,0
27.69637763,72.77185076,48.5622488,89.85646496,mango,42.15275716,42.05014908,0
27.25373364,95.53247495,52.66319725,91.87312479,mango,55.23450244,44.04039712,0
30.33723921,75.35097247,48.88704844,94.42850522,mango,57.30782768,50.19986049,1
31.85744939,66.12589675,45.53106268,91.55845821,mango,52.63198807,49.78790946,1
35.39986338,85.32978858,49.45962621,97.41054011,mango,53.55371531,45.8730376,1
29.80747243,93.75409056,52.13797867,95.74606104,mango,41.86469174,58.31468582,0
34.16438906,64.89644143,54.16482251,98.33351125,mango,41.42563028,47.93678608,1
28.93270187,84.99437852,47.94053996,99.9834242,mango,55.96818188,52.56567025,0
27.98392787,25.4106045,53.33018851,99.61465679,mango,46.9774848,48.99977572,0
31.20478173,95.00547947,54.49960506,94.62954663,mango,43.49912696,56.50387954,1
32.13409675,62.48168699,50.52559148,98.63333684,mango,52.76673375,51.66565814,1
28.91862016,97.06205395,48.13974548,97.01331604,mango,49.66061501,51.97844057,0
31.09779147,45.38538202,47.41196659,90.28624348,mango,51.78991188,41.81519643,1
34.73823882,61.25784888,49.08864345,90.65022183,mango,45.40744811,51.51140805,1
29.98080499,78.2797475,49.48613279,91.82271568,mango,57.42984275,54.81440283,0
33.80398664,96.43666595,46.12866113,90.82549241,mango,52.02998786,43.25132944,1
30.07202564,21.09122534,50.96040505,92.09609766,mango,43.11491296,45.47248197,1
27.92063282,30.03693491,51.77965917,100.2585673,mango,42.76824166,43.54111678,0
31.40948821,47.63250663,49.21729127,92.99739415,mango,56.94453196,59.50797585,1
35.7877738,28.29595339,51.94190321,100.2160615,mango,53.68819393,53.21834038,1
33.36140093,79.75345271,45.02236377,98.81596545,mango,59.56934084,51.29055134,1
35.96054636,62.04461305,48.69677802,98.00644238,mango,42.83254708,52.88020341,1
28.33333307,37.62907738,51.39586505,91.67241761,mango,42.75878221,51.83829379,0
32.27652024,75.27318249,50.19368841,95.99487068,mango,45.57322693,53.4383764,1
31.99490489,92.4204887,50.84881347,97.38741498,mango,45.03374096,43.6575512,1
27.58258929,55.15416764,48.56916221,95.8445641,mango,42.74083383,56.45818531,0
29.38471637,99.52134922,45.88744691,100.8124659,mango,47.24196329,40.26826396,0
32.38697531,59.90995284,53.2328243,90.21633216,mango,40.64689755,45.68255671,1
30.91471455,45.68930227,49.92963856,90.14047759,mango,41.82533375,52.4786649,1
35.37775595,67.70161689,45.58110023,97.41586402,mango,54.27092711,40.00624709,1
32.32362177,35.07487456,52.5896771,93.36718816,mango,45.64967123,49.03819708,1
28.22373428,44.73145004,47.40519056,97.76832322,mango,48.9410391,48.77538899,0
27.27433181,77.26484028,47.16808054,95.257992,mango,57.58096156,53.64785106,0
27.10710832,39.3860407,50.70880979,92.37238878,mango,45.64199438,53.98895872,0
34.89226666,30.96881602,48.75613373,91.63074547,mango,52.50074454,44.94679582,1
33.7462686,43.13995864,48.50387598,92.26439205,mango,41.04801941,48.68249421,1
27.3511056,42.16255055,54.43945147,96.27792547,mango,56.22414638,41.58953153,0
32.89300162,35.9825608,52.61323969,94.49161372,mango,47.47237513,55.95302172,1
35.38598705,53.87439191,51.42664176,90.29643888,mango,47.94567293,45.50782241,1
27.5529736,58.46305301,47.90859131,90.40332704,mango,58.68654547,54.77274638,0
32.82141065,91.12869145,47.45553843,90.89173106,mango,44.5818086,56.60765511,1
30.17294105,54.46218969,51.0845903,95.23444287,mango,45.08669071,54.53534946,1
29.26382931,49.85682299,54.82257868,100.7586226,mango,44.95953773,49.23744196,0
32.06097197,45.13350498,51.08494181,96.59816497,mango,42.63389465,54.34283502,1
28.69818144,50.11875496,47.71875722,99.642454,mango,40.53260785,41.59597383,0
29.14305008,88.00342336,49.40983294,97.55155537,mango,52.59031943,41.09545135,0
28.3471611,35.26142082,53.53903102,90.40260445,mango,46.57151398,44.70615808,0
27.67256197,35.11861488,45.41692012,92.84991507,mango,48.10086945,54.77742228,0
28.1218093,69.43997285,46.16888595,93.30247448,mango,56.0102649,47.60476649,0
30.79375683,85.77105183,46.69536813,92.21318555,mango,55.47698834,43.78474068,1
28.89409382,62.26009184,54.80750249,94.76322976,mango,43.84687872,53.99315959,0
33.33024826,74.3572321,45.61143594,98.28583013,mango,45.5359243,48.1282171,1
27.78912455,63.42949108,53.96886679,91.01152997,mango,48.75164059,45.82565691,0
31.65333432,50.22832037,48.20662669,91.09745581,mango,58.00788446,45.83804407,1
29.75150773,70.75015543,46.73723302,91.405983,mango,49.96637722,48.3097964,0
31.32995611,88.10341943,50.22287593,89.78216168,mango,40.88007074,46.43045023,1
35.63627319,86.30538898,48.97047762,97.51952041,mango,50.37074623,54.74757871,1
31.66524687,75.13916813,51.98594645,89.98024312,mango,59.19834313,54.97024738,1
32.26935342,79.31298307,53.56092806,95.94035356,mango,53.50169444,58.81281845,1
27.81005614,60.71628938,51.59445462,95.89898581,mango,53.45432637,57.73538732,0
34.58561471,67.09342259,50.34035336,100.3060719,mango,45.15626881,55.5533457,1
31.27180992,80.30789724,52.23810152,89.74409017,mango,46.97082942,53.98367084,1
33.93679864,21.45562925,52.72170281,97.4611918,mango,44.86470102,54.00691495,1
31.09154239,94.57620958,47.02058367,91.46664318,mango,41.94662102,42.6226739,1
31.89356292,56.29790797,49.02450149,89.59371481,mango,53.93159781,46.26768888,1
32.45465292,64.49428993,50.69693751,95.04871605,mango,43.88059034,44.03941839,1
35.47478322,39.3741837,47.97230503,97.79072474,mango,43.91203492,46.63998995,1
27.32961444,84.44815235,49.30347234,93.53197359,mango,49.37524255,48.86646095,0
30.90225239,39.2508443,49.95955487,91.77522598,mango,50.38275464,55.73403462,1
29.09382275,35.83275769,45.5661059,96.23520043,mango,59.79299574,51.51860335,0
30.02086169,45.99327858,46.78393776,96.63721027,mango,53.81549726,47.62353237,1
34.13072188,67.75364497,51.25786185,96.38808001,mango,46.44104632,47.96441975,1
33.44619894,85.83898701,53.05980465,98.05089394,mango,43.45101936,42.1886962,1
35.3915464,69.47477165,52.48823147,91.22881052,mango,46.98926041,46.99701525,1
31.53356352,97.05174691,53.06009323,98.57025046,mango,46.5626395,42.26432501,1
30.7645515,67.85334315,47.93791463,90.38503469,mango,49.3408225,51.39890799,1
30.01821337,93.57419458,50.0983181,96.08745082,mango,58.70347048,58.01756698,1
31.32863689,65.06444515,47.59319575,94.67344737,mango,51.39988923,40.57943698,1
33.88004781,98.52008608,54.39416048,89.29147581,mango,48.83082679,44.97266249,1
28.07802689,36.58292324,54.9640534,97.45373619,mango,52.89936064,46.78470471,0
35.53845018,40.73800873,52.94641947,91.54560427,mango,44.0360448,52.22180179,1
28.70595247,52.04774348,50.44030129,95.8946444,mango,50.01283436,51.68748721,0
31.48451729,50.6509872,48.77926304,93.17221967,mango,43.48197202,52.6161419,1
27.69819273,83.92558233,51.41593238,100.7720705,mango,52.78791243,44.4678922,0
30.41235793,98.59705277,52.48100602,93.92375879,mango,50.63014427,45.18537815,1
32.17752026,38.70644571,54.01352682,91.88766069,mango,58.97602498,43.36752183,1
32.6112614,78.47984035,47.74916499,91.10190759,mango,51.55404273,43.81699638,1
29.99677232,76.84507289,81.54156612,67.12534492,grapes,51.63191335,43.675613,1
30.7280404,36.45145346,82.42614055,68.38135469,grapes,58.77520977,46.52884764,1
32.44577836,61.19858671,83.88504863,68.73932528,grapes,49.51157825,41.28276649,1
37.46566825,39.60771589,80.65968681,66.83872293,grapes,52.37933631,41.74485827,1
22.03296178,55.94383821,83.74372787,65.34440794,grapes,52.97096933,53.97659184,0
39.64851881,50.54411361,82.21079946,70.39906054,grapes,49.98610057,56.14997832,1
16.77557314,21.77774765,82.75241875,66.76285469,grapes,59.48165283,45.77653338,0
12.14190714,93.6149883,83.56812483,69.63122027,grapes,55.33844221,51.33573258,0
12.7567962,37.75139489,81.62497448,66.77844567,grapes,44.31928132,42.59746509,0
39.04071989,57.6243009,80.18393287,73.88467027,grapes,51.78551834,50.99340479,1
39.70772192,70.75418612,82.68593454,74.91506217,grapes,57.29357243,51.741013,1
9.467960445,23.46934373,82.29335466,66.02765219,grapes,55.76270966,58.3718767,0
29.58748357,42.08879874,80.91934392,68.06417307,grapes,55.98483338,41.05012045,1
17.82803682,96.22463211,80.96093443,65.84748763,grapes,59.58811554,55.65780844,0
8.825674745,84.65141864,82.89753705,67.235765,grapes,41.80449567,55.49879577,0
27.83487131,77.8075987,83.51444973,73.02882766,grapes,49.62693554,57.48618319,1
11.02105378,48.09558505,80.55557235,68.23963161,grapes,55.84082362,55.56039955,0
17.5862944,53.47614768,80.84806564,71.4065452,grapes,51.31434787,43.64054887,0
19.89363946,23.4024778,82.73366439,69.66256816,grapes,46.98356277,50.5019312,0
29.93707596,53.98631947,81.77713468,65.52279323,grapes,46.92791401,58.90856793,1
36.73126647,79.14625883,80.58931938,72.24230804,grapes,41.90297523,44.94867853,1
20.42094753,82.55184476,81.54185044,66.93065667,grapes,54.67852158,57.83608755,1
25.51939719,92.32074437,83.98351748,69.17281221,grapes,43.3121203,54.37599555,1
30.50734778,25.31191431,82.71775569,70.08200379,grapes,52.02337252,49.6507827,1
18.4269936,26.02400547,80.55625868,69.75734306,grapes,44.35152826,56.89799751,0
12.087022,35.59456228,83.59398734,68.66813363,grapes,44.53690592,53.84593682,0
23.60115364,49.97078872,82.48336987,73.23901752,grapes,49.25025783,48.68428267,0
12.80000387,91.87643396,81.20876367,67.10439401,grapes,50.70974742,53.82995988,0
38.06099482,99.359913,82.24729637,65.70148216,grapes,46.54684833,48.9555573,1
39.06555518,49.25087779,82.03812973,69.30772897,grapes,58.24817717,57.72428036,1
33.78372897,50.95539412,81.16314317,74.53557341,grapes,45.57057037,49.75990354,1
16.76201707,42.94101653,82.00335557,73.28712806,grapes,58.44613914,48.96011943,0
35.89307536,36.48663913,82.66850729,66.53946559,grapes,40.62277632,44.14857397,1
21.01245395,44.69815711,81.17931863,66.38448261,grapes,40.68987152,50.97482159,0
10.89875873,53.02545152,80.01639435,68.69420397,grapes,42.95770179,44.0512231,0
16.36251869,59.82446176,83.00471609,71.55665483,grapes,41.88570629,50.29476727,0
20.28370163,54.49607677,81.32235739,71.06611222,grapes,47.40196792,42.75562122,0
25.11108456,61.31762137,83.25447587,73.01026829,grapes,47.39093295,49.93080993,0
33.4641162,90.81012298,83.86742974,67.92204319,grapes,48.99488278,54.64873016,1
11.7976469,81.77009101,80.86325389,65.06962486,grapes,46.7546586,53.68261753,0
11.36300891,80.43118541,80.03100049,71.18289431,grapes,52.66264634,51.55975922,0
25.23542319,32.93189511,80.68700527,67.03840888,grapes,44.18184099,54.09161826,0
15.99050693,23.85523183,81.23966573,74.40198861,grapes,54.50634241,57.00908437,0
22.4359017,43.2796704,80.18612085,65.3973168,grapes,49.12291738,48.902385,0
34.76086052,81.18280207,81.03544763,65.70430027,grapes,42.19634765,59.81989598,1
31.11047251,37.79108126,83.34010951,71.43001582,grapes,44.8302163,58.55563596,1
28.57828803,64.54852438,80.95628959,73.34232097,grapes,51.19711322,51.36474304,1
41.18664903,29.91878087,81.01783402,68.68895899,grapes,54.23941424,40.07149596,1
27.02766138,79.80283622,83.17093908,70.95666003,grapes,56.63138283,47.23199503,1
21.19339319,48.2571185,82.33098331,74.62834921,grapes,44.32120732,59.38065427,0
10.38004759,81.90101641,83.44518113,67.3917379,grapes,42.62942087,46.90523059,0
31.3115978,90.61366262,82.56407013,65.01095312,grapes,57.35891112,57.47746801,1
20.46657776,81.58592737,80.97598029,71.29813872,grapes,53.6569102,53.3118812,0
29.36947679,93.40171239,81.53996362,66.13442813,grapes,54.75836071,47.51933201,1
10.72302459,40.04430654,80.02130636,65.2982112,grapes,58.79749692,58.53876523,0
14.97846952,67.97516645,80.49979873,71.63437433,grapes,54.36612567,56.05962739,0
15.3246651,42.41221253,81.67215994,71.60102999,grapes,40.06765896,49.9165748,0
18.73932187,87.49881043,81.12109244,73.55807954,grapes,53.30209636,46.91872485,0
19.3642553,45.69431915,83.36094029,67.15094741,grapes,50.91031043,40.89061031,0
41.20733624,44.20109202,81.61051026,65.90227462,grapes,46.5068549,49.77272342,1
33.34214482,33.48452856,82.51034633,70.68098614,grapes,58.95950391,59.03121996,1
23.81995682,89.6582249,80.12211649,67.2739864,grapes,47.12930213,45.43927853,0
40.66012294,26.72262593,81.24995984,74.03030056,grapes,47.46437171,46.16718845,1
11.82768186,88.62381838,80.2827185,74.10225057,grapes,43.16469782,48.19292104,0
13.28504331,90.7339586,83.54193816,65.80006004,grapes,48.44125214,46.48384641,0
35.83089092,44.61256814,83.32560104,73.67984885,grapes,49.08898067,53.4400829,1
26.18159716,44.36705134,81.03886263,66.05911698,grapes,55.28642446,52.61263155,1
24.57558351,93.98570832,80.70695797,69.706113,grapes,49.37587665,41.98054332,0
29.67229086,43.80828678,83.71498986,66.48490371,grapes,47.38814694,58.91034565,1
39.37102553,71.93537139,81.25353895,74.08101744,grapes,59.54527299,44.19360081,1
17.66558428,94.5039436,82.92903419,69.8671263,grapes,49.94848015,48.50711769,0
24.06679352,42.04047901,82.66396666,69.81855775,grapes,50.65357385,47.19285796,1
15.31413469,58.69851254,80.09711412,74.82144653,grapes,51.04776454,56.07720942,0
21.77466746,40.73381933,80.54942557,69.39630398,grapes,44.84060688,42.73448123,0
26.91624843,98.7950949,80.76838926,69.30927185,grapes,58.80532742,53.00398452,1
41.65602996,45.09426629,82.22118237,74.19664838,grapes,56.69709864,44.94409622,1
17.98667801,59.69927188,81.17712085,72.37127689,grapes,54.71912593,43.57973204,0
29.12033769,89.1251994,82.79092939,68.8503047,grapes,50.8781116,55.31347708,1
34.38922481,64.41292526,83.18392806,71.03001556,grapes,56.87728835,49.57527655,1
41.36106301,48.61581834,82.79782954,69.92107482,grapes,57.69010894,42.53880095,1
35.12158265,60.53952598,82.26890793,69.71518491,grapes,47.26100512,51.96852577,1
19.6491772,82.57175623,80.15215777,73.69529586,grapes,51.51384777,50.31890054,0
16.27852801,61.43816369,82.94270065,66.57462809,grapes,50.89866061,40.43303514,0
21.11903604,31.06078961,80.63399198,69.27779761,grapes,42.14601296,54.9585122,0
19.2077707,51.16064179,82.9042841,66.83113717,grapes,47.84557219,57.51737241,0
25.96308415,72.41429743,82.57813624,70.31782647,grapes,45.76581811,53.34443874,0
25.67385024,49.91489176,81.6212135,74.10919422,grapes,40.07493301,41.01629582,0
41.94865736,20.5708237,81.15595212,73.06862952,grapes,43.63759803,41.46070278,1
11.18994268,95.75946286,80.8084305,66.34234944,grapes,59.15866505,57.13057142,0
17.5438296,95.71050044,82.94703302,73.77063744,grapes,45.28811487,44.02358117,0
13.05809741,43.93844909,80.28297993,70.75633584,grapes,53.43952196,42.48141691,0
9.724457611,64.22367302,83.74765639,74.46411148,grapes,45.25181464,51.0527743,0
27.92004934,59.35474983,82.93262435,69.92092839,grapes,58.15814126,55.29811215,1
9.535585543,69.74950242,80.73112694,69.44115171,grapes,54.1249801,40.31729193,0
13.42988625,28.04229023,80.06633966,71.40043037,grapes,53.17343408,57.10601536,0
9.851242629,74.02625314,80.22631717,68.42802444,grapes,55.23957751,52.73284446,0
24.97256132,54.27584585,82.72828653,66.70016285,grapes,41.53691073,54.54215616,0
27.23708304,39.37998803,82.94573346,70.42508897,grapes,56.45095312,47.13298903,1
18.70679077,41.54055731,83.4795292,66.5964488,grapes,40.84891296,46.61444625,0
9.949929082,74.85814814,82.55138983,66.00817551,grapes,55.0843283,51.64295271,0
24.40228894,84.6131716,79.19732001,90.8022356,cotton,47,42,0
23.09595631,32.55459302,84.86275707,71.29581071,cotton,55,50,1
23.9656349,79.37371599,76.97696717,90.75616738,cotton,49,57,0
24.88738107,73.08872569,75.62137159,89.76050416,cotton,52,40,0
25.36243778,65.81068719,83.63276077,88.43618918,cotton,45,59,0
24.69457084,69.25909094,81.7358876,78.58494391,cotton,41,56,1
25.0017188,43.39523862,80.53965818,96.32600992,cotton,46,42,0
22.45942937,30.60660155,81.30681027,64.23026638,cotton,42,48,1
23.60564038,48.22114529,79.29573149,72.49800885,cotton,53,60,1
24.58453146,51.26045003,79.12404171,71.94608134,cotton,58,60,1
23.0865933,75.9279714,83.55546146,71.84080724,cotton,40,46,1
23.5000992,27.51589076,83.63488952,79.81328183,cotton,49,60,1
24.1472953,37.58556081,75.88298598,69.91563467,cotton,56,56,1
24.69315538,94.87345407,84.84422454,89.799462,cotton,44,47,0
24.484692,97.80939508,84.44932014,90.94342484,cotton,53,60,0
24.49112609,67.76922701,82.24415809,64.02949379,cotton,55,40,1
23.47986888,82.03892442,81.73049149,86.76287924,cotton,51,53,0
24.18586246,36.21121502,76.04203958,69.08056728,cotton,42,46,1
25.00755095,96.03566256,78.17952126,86.06411872,cotton,49,47,0
25.99237426,45.52320753,77.0543546,89.1188212,cotton,41,44,0
23.66457347,44.38486173,81.69105088,99.36898373,cotton,49,40,0
25.66891439,98.15056697,81.38103349,78.59595817,cotton,40,60,1
22.04612876,61.5048939,84.62978302,86.00758678,cotton,47,44,0
22.4204752,26.0175512,84.55794703,93.46595573,cotton,47,57,0
25.03149561,60.02253881,82.21276599,95.0191318,cotton,48,59,0
23.53371386,20.5088874,77.21705554,87.54004943,cotton,41,45,0
22.77076388,65.25083861,82.5993307,81.49543437,cotton,44,42,0
25.49848236,83.29482506,79.9751579,67.05961949,cotton,41,59,1
25.248679,55.04970778,83.4630147,86.55517751,cotton,45,48,0
22.78249615,39.69456093,77.51235009,64.61444234,cotton,57,53,1
23.37044424,61.94865563,77.43198948,71.67870701,cotton,50,51,1
24.86560781,38.09330217,78.22080815,79.56866268,cotton,40,58,1
24.14386157,25.7064859,84.51591287,80.36146974,cotton,51,42,0
25.03300222,41.3589404,79.04368718,97.10087029,cotton,48,42,0
23.65724079,22.3651619,84.47601498,88.54479121,cotton,47,47,0
25.54359718,72.76106107,84.09229796,88.94245493,cotton,46,60,0
22.00085141,59.46501811,79.47270984,90.42224164,cotton,42,53,0
23.64328417,39.34322721,78.1258666,80.96157332,cotton,54,60,0
23.96436009,81.81653776,78.02763149,84.63148859,cotton,50,57,0
24.65425757,86.05512006,75.6350708,61.82980133,cotton,47,59,1
24.3017998,69.71082019,84.87668973,65.0247867,cotton,42,54,1
24.29144926,96.47938486,81.02453404,90.41694635,cotton,57,40,0
24.29470232,29.58712403,84.61527627,81.05902285,cotton,42,49,0
25.72180042,69.20498493,81.19666206,99.93100821,cotton,50,44,0
24.87663664,80.10225651,76.30050373,91.9223468,cotton,43,46,0
22.60612115,97.56976784,77.34264002,75.13617229,cotton,51,40,1
23.86814008,54.65350743,75.68339729,90.4547185,cotton,43,45,0
23.41022496,55.63563828,76.43836957,78.82199603,cotton,58,54,1
24.96440768,71.33516376,81.31677618,80.03995829,cotton,53,43,0
25.16820129,52.135819,80.30351815,84.62419032,cotton,41,53,0
22.72767171,45.94880368,77.07598065,77.55176318,cotton,60,49,1
22.45145981,80.26060953,76.25674874,86.84998693,cotton,52,53,0
23.04920461,52.18033408,75.53835214,70.65644296,cotton,58,42,1
25.29250148,84.29177078,75.66653335,62.64174227,cotton,54,56,1
22.95604064,40.79259816,82.33733678,66.48339303,cotton,49,46,1
22.80213132,80.27140064,84.14668447,91.6389565,cotton,55,48,0
23.54234715,58.30212848,75.98203329,84.12536744,cotton,54,54,0
24.41212325,39.36495577,80.80343786,98.60457373,cotton,44,42,0
22.94276687,23.00265563,75.37170612,67.08022574,cotton,54,52,1
25.53676123,57.86516355,81.13668716,95.4262599,cotton,52,49,0
25.32023717,56.50717289,81.79475917,83.46532547,cotton,42,58,0
22.426733,21.64991187,81.53480799,65.54475812,cotton,52,42,1
25.78544484,72.5951627,75.00539324,91.39578861,cotton,50,54,0
25.68959532,26.36813501,77.90621048,66.19426787,cotton,42,52,1
22.14593688,38.71265714,82.8597549,60.65381719,cotton,43,45,1
25.07278712,54.94912691,82.50257909,93.51042684,cotton,45,57,0
22.21506982,21.87083947,76.17851932,70.40557612,cotton,60,52,1
23.9643129,74.72798985,76.59175937,76.13090645,cotton,40,46,1
25.40059227,49.06444483,76.53237965,62.5138867,cotton,55,47,1
23.7805123,67.31888179,83.03878838,66.26555904,cotton,57,47,1
24.16402322,78.07491533,76.7433897,61.94626051,cotton,48,44,1
25.31468463,31.36387809,77.91757121,72.82902109,cotton,57,40,1
22.60361557,99.275771,80.3509046,88.57395505,cotton,49,45,0
22.9535715,63.70425865,78.71555832,99.75336197,cotton,52,43,0
22.74446976,90.70959583,80.41198458,90.07326633,cotton,56,41,0
23.80834611,86.87852905,83.91902605,70.97358303,cotton,50,42,1
25.46228792,91.39796167,81.56641891,76.88582484,cotton,40,59,1
25.96779712,24.91304369,81.97904282,74.14169043,cotton,56,42,1
25.5308271,71.96824744,80.04662756,99.39557151,cotton,44,41,0
24.43847399,26.15245711,81.69801729,60.79645852,cotton,52,50,1
23.03887865,63.87523619,76.47039772,90.64770699,cotton,48,46,0
23.51308653,78.64383174,76.72621429,80.11272117,cotton,55,50,0
22.75805656,61.65115531,76.75768356,97.76600619,cotton,55,41,0
24.71252544,63.85591078,77.7293114,85.24963302,cotton,57,53,0
23.45969093,25.87623845,82.44777468,93.50153555,cotton,48,60,0
25.5503704,68.0493117,77.85055621,78.58488484,cotton,53,40,1
22.08458267,23.31336059,82.82904143,67.06459777,cotton,45,58,1
24.68854799,33.42981744,78.51206972,69.31153566,cotton,57,51,1
25.84997269,26.53564579,84.16855231,77.03421249,cotton,51,56,1
22.46054478,35.58130565,75.40989245,71.85436078,cotton,48,40,1
23.65629976,86.28568385,77.52425987,74.8984994,cotton,50,49,1
22.00817088,88.102648,81.83896111,92.23645249,cotton,50,43,0
24.32630461,39.87971968,80.13456404,69.45072055,cotton,55,47,1
22.92360984,64.62976151,82.68738535,92.91915074,cotton,46,49,0
23.43821725,28.60065967,78.63388824,81.15072105,cotton,54,55,0
22.10718988,93.5256968,78.58320116,74.94136567,cotton,51,59,1
23.03814028,52.85041229,76.11021529,91.49697481,cotton,48,48,0
24.54795322,98.73353961,75.39752705,63.88079866,cotton,53,44,1
23.73868041,28.74577185,75.77503808,76.63669195,cotton,55,49,1
22.31871914,45.12492769,83.86129998,65.35747011,cotton,60,40,1
25.52468965,62.98316013,72.24850829,151.8869972,jute,49,53,0
26.59104992,27.90646136,82.94164078,161.2469997,jute,49,48,0
25.29781791,79.55695205,86.8870535,196.6249511,jute,55,40,0
25.72100868,49.28316417,88.16513579,175.6086697,jute,59,55,0
23.58419277,83.93417647,72.00460848,190.4242157,jute,47,47,0
25.31042337,53.88766823,72.01364411,190.5577618,jute,46,53,0
23.41798979,95.45596644,85.08640476,185.7446728,jute,58,44,0
24.35564134,65.98200581,88.80391021,169.1168028,jute,55,54,0
26.284017,41.19368623,75.14640198,182.2685447,jute,54,49,0
25.13842773,80.89103769,83.12053888,169.3388465,jute,44,42,1
24.88692811,94.6259355,71.91711523,150.2498675,jute,48,53,1
25.75734909,81.54850199,88.36668522,189.4263485,jute,43,45,0
23.12844351,56.96212567,74.68322732,199.8362913,jute,47,55,0
24.9949957,65.69396467,88.95692783,151.4935635,jute,60,42,0
25.21622704,60.60982868,70.88259632,195.8645552,jute,53,43,0
24.39736241,23.66720989,79.26861738,164.2697011,jute,53,49,1
23.31410442,32.30700639,71.4509053,164.4970373,jute,46,42,0
25.72668885,20.67146076,81.86171563,191.9649389,jute,56,60,0
26.96656378,23.20746161,78.21047693,169.8391177,jute,56,58,1
23.70467146,26.83393613,74.63745355,181.2783964,jute,55,56,0
24.90075709,36.35873256,73.84186449,153.8990984,jute,41,41,1
23.39605743,55.6471834,72.60512854,174.7876411,jute,42,57,0
26.8748389,66.43704545,79.78725152,173.1017097,jute,48,59,0
23.1426498,84.94302693,74.99739774,151.9035477,jute,46,48,0
24.29496635,46.4442946,77.62976013,184.9800516,jute,53,56,0
24.39459498,29.19855784,89.89106506,197.1220049,jute,59,43,0
25.7629429,91.71810929,80.76238215,174.5071843,jute,53,50,0
25.4879684,88.7157332,84.48235878,168.7848886,jute,54,51,1
25.37122686,89.69840587,76.2403666,183.8270791,jute,43,59,0
26.21312799,97.31887193,81.70476368,180.1237765,jute,57,60,0
24.30748599,77.32307127,78.54340987,186.2337571,jute,40,41,0
23.76554749,99.19281385,87.98329901,150.3166152,jute,40,56,0
24.79853023,55.83223286,78.53037059,162.2847429,jute,42,50,0
23.20683504,97.10475559,74.09956958,199.4766779,jute,46,55,0
23.66805429,80.53552844,70.89000744,184.4633281,jute,43,42,0
25.12417673,54.53012285,85.72530641,159.5718087,jute,60,58,1
23.89069041,62.38055155,83.46409075,167.7230632,jute,41,51,0
23.09433785,85.40316309,81.45139295,196.6587013,jute,55,41,0
24.21744605,46.84381023,82.85284045,166.1365886,jute,56,45,1
24.06475727,25.85158952,71.31342851,153.6390212,jute,48,59,1
24.85441411,57.88872188,74.4407048,175.572958,jute,54,55,1
26.41915161,67.11754537,76.85691248,197.2101782,jute,53,58,0
24.89326318,60.88908404,77.01222585,196.469984,jute,58,47,0
23.25583402,68.92960426,82.7015932,166.2160846,jute,41,54,0
24.7634518,65.14155668,87.06071115,179.1630865,jute,47,52,0
24.97042599,75.13854395,78.62697699,166.6415254,jute,58,53,0
26.12797248,76.77783989,80.49172597,150.6326874,jute,50,41,1
25.97825807,21.97844776,81.65769588,163.3488091,jute,60,42,1
26.2830571,95.67675339,73.35763537,186.6898282,jute,58,60,0
26.38905406,63.63018203,83.31240346,176.1516409,jute,60,46,0
25.2746335,80.75928049,73.7459581,168.0432282,jute,46,47,1
23.09499564,35.86207145,78.45959697,155.3851533,jute,53,55,1
25.79351957,28.46617503,81.76904006,193.2418382,jute,52,50,0
23.17403323,68.66810276,87.88255345,160.6217342,jute,48,51,0
25.63215038,27.15867491,79.95150917,182.2582277,jute,40,53,0
25.848795,31.53305182,87.81661683,152.6194403,jute,41,58,1
26.56767277,79.78894221,80.90424543,181.2915605,jute,48,53,0
26.24532085,54.99209983,72.97198375,189.9711184,jute,48,50,0
26.91515043,68.84848514,73.19897535,177.2233048,jute,50,51,0
24.36972377,20.53532068,82.11319791,159.9210934,jute,42,42,1
25.71901283,57.96083533,79.15532398,187.1735424,jute,57,60,0
25.01157559,44.90073984,88.3313023,169.4168014,jute,57,60,1
25.40785911,56.42956114,76.44048625,188.6372826,jute,52,52,0
23.28081,97.91874683,74.27607475,153.7447398,jute,44,44,1
23.98651719,75.7252346,82.09053379,167.0576456,jute,59,53,0
24.48556447,35.08155788,83.20630007,192.2316221,jute,59,59,0
25.86705009,45.68543614,84.09985284,154.8390847,jute,46,52,1
23.5643831,42.92938708,79.46283115,185.25947,jute,54,40,0
24.2248758,64.7513639,74.89465426,192.4931257,jute,42,58,0
25.49386782,89.43588141,86.97061481,176.5268267,jute,57,41,0
24.97178693,70.763322,79.47557931,195.7571622,jute,54,53,0
24.80624984,81.35476582,82.09281674,156.3616174,jute,48,44,1
23.16814977,60.82627009,76.66724969,157.1215052,jute,40,55,1
24.25133493,90.72302307,89.86454053,175.1742112,jute,40,47,0
26.58361011,30.92603393,78.00774772,154.8238864,jute,59,43,1
26.82489244,74.41923518,78.20392774,153.9199807,jute,60,43,1
25.49674786,44.96761453,81.13449097,169.9288234,jute,54,44,0
24.09874353,21.11414116,80.57226761,176.8604109,jute,54,49,0
23.18866654,81.60972966,86.20899734,176.103677,jute,58,59,0
26.24347471,42.64003623,78.51063754,183.4065252,jute,43,40,0
23.75091572,94.82490816,71.14782585,160.0889553,jute,52,46,1
26.13871511,41.5117583,79.1188943,171.4892533,jute,50,44,0
26.14576648,95.9129295,71.23690851,193.1007598,jute,42,60,0
26.91643698,29.07032471,73.48655995,171.4716375,jute,60,48,0
26.5232969,82.3775277,77.17331847,157.8548562,jute,40,40,1
23.81579631,91.75647739,80.94023552,190.312216,jute,47,60,0
26.50838667,50.53293413,86.84264005,152.9801697,jute,58,54,1
26.63952463,94.87109561,70.95705996,199.3355744,jute,52,55,0
23.3250131,28.07842375,79.79609448,187.3096148,jute,53,51,0
26.47549543,38.60815666,73.96164569,180.2513601,jute,42,51,0
23.78756036,70.55639982,74.36794079,172.6442654,jute,46,40,0
25.49941707,41.1694854,75.99987588,193.7141828,jute,49,52,0
23.24925555,48.23307687,73.65346838,184.7674863,jute,49,53,0
26.98582182,35.65431991,89.05587886,193.8778713,jute,56,44.11487414,0
23.61475336,60.40140425,86.14290267,150.2355238,jute,49,46.63123292,1
23.87484465,64.67660367,86.79261344,177.5147313,jute,43,44.87207352,0
23.92887902,51.54386302,88.07112278,154.6608736,jute,55,42.71428954,1
24.81441246,89.06429718,81.68688879,190.7886386,jute,55,54.97456777,0
24.44743944,33.599011,82.286484,190.9684885,jute,43,58.2959018,0
26.57421679,60.55368829,73.81994896,159.3223075,jute,49,41.2056827,1
26.33377983,32.39065674,57.36469955,191.6549412,coffee,42,50.16049395,0
26.45288458,85.37317086,55.32222678,144.6861336,coffee,42,47.88384246,1
25.70822684,71.99293817,52.88667115,136.7325092,coffee,41,58.45799659,1
24.12832546,44.53094913,56.18107663,147.2757818,coffee,44,45.93950763,0
23.44372334,52.55906551,60.39523266,122.2103248,coffee,46,59.50666967,1
23.4123707,92.24521449,52.26994674,139.3670753,coffee,53,43.64617867,1
23.05951896,95.32657217,50.40609436,164.4971875,coffee,53,41.06990783,0
23.07895447,57.2991369,63.65861483,129.8765443,coffee,43,59.89710472,1
27.6496114,79.76837178,51.11044023,122.8392822,coffee,43,46.30906863,1
25.46743689,70.43218878,69.35161206,171.3764462,coffee,52,58.45083885,0
26.7350622,65.07718944,55.55164819,140.6305213,coffee,57,54.08690486,1
26.20811417,57.70947269,52.50987966,189.0944824,coffee,56,45.91303661,0
27.0424167,80.49184688,57.27927475,165.6872119,coffee,47,40.73186864,1
24.65090184,74.90741583,51.93952357,135.1386537,coffee,55,42.32029539,1
27.35152643,81.78787403,55.99375012,148.9812525,coffee,54,40.62003353,1
25.17787724,67.33322134,62.26244581,135.0119649,coffee,47,50.0482966,1
23.11438731,66.20273752,68.00096043,161.8944624,coffee,45,45.39880014,0
27.22783677,95.4222454,52.95261751,175.7260273,coffee,52,42.4474366,1
23.26316991,23.03824212,60.5160021,194.1755471,coffee,52,51.33757801,0
25.234661,37.44778119,57.53161469,124.2261737,coffee,58,40.24341785,1
25.59535262,86.31985383,57.72920846,195.7733251,coffee,40,44.68041783,0
25.5674832,91.49710741,60.49244602,190.2257843,coffee,44,42.519349,0
25.67324193,69.5857204,51.29043632,196.2736367,coffee,45,41.09178163,0
24.40726724,50.53182964,62.65692638,148.6977358,coffee,42,45.27364887,0
23.69287069,87.76730611,66.76090123,144.6576424,coffee,52,58.98939764,1
24.53460016,74.12496137,66.99765375,180.5059257,coffee,48,48.44088049,0
27.13140403,40.09972788,52.89368299,192.4280381,coffee,55,40.97015936,0
27.56088634,61.86766537,68.49299897,167.4358075,coffee,43,40.24948503,0
23.59302313,80.2035704,55.27564977,191.3980675,coffee,51,42.44141272,0
23.17714381,76.23065692,52.13864034,117.3113562,coffee,51,43.31260561,1
24.71384065,20.30175454,51.29142534,197.6439711,coffee,57,53.31840288,0
24.38534644,32.86450126,64.72543073,119.6324109,coffee,42,51.40974081,1
27.15998538,77.61568748,51.59100753,126.1752206,coffee,60,55.14927907,1
26.53543168,56.19521085,67.09608099,120.6494434,coffee,55,40.08420698,1
27.01207284,50.21497021,60.76645256,191.4508931,coffee,50,51.75453244,0
27.55906475,86.23212316,58.45742907,117.9389993,coffee,41,42.58327079,1
23.32293161,31.11499976,53.00366334,168.2644287,coffee,40,42.45323566,0
24.23850608,33.51977863,54.30329632,115.1564012,coffee,41,58.99570374,1
23.42611644,63.6175594,64.10651528,122.6847408,coffee,40,40.79160158,1
26.02241444,64.14992993,55.83288958,176.9020924,coffee,58,58.44933517,1
24.83846178,24.4115091,56.7685316,124.4135035,coffee,51,42.5503635,1
26.24092174,22.96961033,65.64381357,148.3771202,coffee,56,48.73535759,1
24.43011925,56.68468534,66.02411187,181.6368274,coffee,43,40.40892374,0
26.00373964,34.09197764,62.1445102,153.477776,coffee,51,55.60552909,1
26.22367404,52.58450509,62.26594559,193.7461968,coffee,40,41.27132175,0
27.09617155,93.30395063,63.55324262,190.2440566,coffee,49,55.18449951,0
25.64004392,38.19455661,61.03273481,199.4735636,coffee,54,49.75944121,0
27.74576987,22.98433338,54.36976075,139.8619431,coffee,60,51.45608569,1
26.24928198,26.40777194,54.28617819,133.1120232,coffee,40,58.16271622,1
26.67377159,88.96348942,52.24226285,156.1543898,coffee,50,59.68591378,1
27.10210397,81.56470381,55.7497332,139.5013171,coffee,47,51.17351526,1
27.62975458,88.88660169,61.26002598,196.6492664,coffee,58,43.06228333,0
27.5364547,78.62831246,55.51673151,130.6377143,coffee,53,41.56859023,1
23.56960509,57.8525442,50.56339727,130.3797119,coffee,54,59.96384481,1
24.99451759,39.37520445,57.93250202,192.8736822,coffee,48,40.71707067,0
27.56441788,40.40515957,54.41094079,177.816092,coffee,55,53.35058069,0
23.98143338,75.23812028,61.10935084,161.5279095,coffee,52,52.06467106,0
24.22984659,65.61882112,67.37768353,122.4073418,coffee,56,51.14007124,1
25.60153969,33.92624423,68.66257977,168.8383605,coffee,44,54.78468956,0
24.31274458,87.56124396,53.57285558,184.4103931,coffee,58,50.45302347,0
26.36629861,93.91918516,52.25738495,177.3176161,coffee,41,43.38416573,0
26.5602777,86.59919907,57.1621814,152.0616227,coffee,41,41.73192075,1
26.35034208,62.76795934,58.50650238,121.5586297,coffee,49,43.55589695,1
25.20406808,93.85265003,57.88370456,156.1457255,coffee,43,57.45835331,0
23.35723208,43.48253921,55.18792166,171.6976946,coffee,43,47.88405881,0
23.60567546,83.86564228,59.68849145,185.1568059,coffee,43,50.08448929,0
24.18471151,36.03121933,69.94807345,163.2708732,coffee,58,41.61554063,0
26.44414097,57.7634543,53.83876189,175.3723314,coffee,46,44.48118207,1
26.12492233,82.26275265,63.37479229,147.8035305,coffee,46,59.63601686,1
27.77363343,25.57091094,64.47858698,192.7121236,coffee,60,50.38075142,0
25.55656667,52.77854934,62.67087838,193.5866233,coffee,40,43.63683276,0
27.92374437,62.99175544,67.96910852,115.2325531,coffee,45,52.71047453,1
26.05968403,50.06995065,52.31098539,161.3432535,coffee,44,42.38616196,0
26.35770906,72.05944838,64.57578034,163.6269496,coffee,59,54.18962909,0
24.91370487,86.48508599,54.15319242,129.5481144,coffee,53,48.74825987,1
27.31317116,40.18110994,68.4233391,192.4288139,coffee,49,40.97750659,0
26.1387869,77.44200899,52.26311691,136.3027766,coffee,52,51.91313495,1
23.1069385,27.97435386,67.06230539,162.5769606,coffee,59,43.45352745,1
23.52648086,85.15002953,68.44030686,171.8839938,coffee,60,51.05323873,0
25.11711046,38.95690093,68.48030408,194.8773479,coffee,44,49.38736455,0
24.02952505,37.58023774,58.84880599,134.6803969,coffee,56,52.72402286,1
26.70897548,65.85706168,69.71184111,158.8608887,coffee,42,53.88321406,1
26.71717393,39.42972725,50.50148528,126.8073984,coffee,52,45.7440421,1
24.59245684,77.58455192,56.46829641,137.7044047,coffee,54,41.68696003,1
27.51006055,80.49247877,50.66687215,143.9955548,coffee,59,47.56287983,1
27.57847581,92.5019185,58.52534263,156.6810374,coffee,48,43.91935936,1
26.65069302,32.57411604,57.56695719,145.105065,coffee,47,50.34918871,1
26.97251562,58.58210513,62.0183627,142.8610793,coffee,45,58.29643834,1
23.17124551,55.50816901,52.97841162,153.1201644,coffee,56,44.86673318,0
23.52652084,66.5934788,65.44340921,186.1728203,coffee,46,53.73643423,0
27.30901814,98.83888329,55.196224,141.4831644,coffee,50,48.87611958,1
27.54823036,72.13530497,62.88179198,181.4170812,coffee,41,45.30976998,0
25.627355,27.47053977,57.04151119,188.5506536,coffee,59,44.08911471,0
23.29250318,85.91999679,50.04557009,183.468585,coffee,58,41.20608727,0
24.91461008,82.43633583,53.74144743,166.2549307,coffee,47,52.95868335,0
26.77463708,55.1789498,66.4132686,177.7745075,coffee,53,41.27421462,0
27.41711238,43.55174923,56.63636248,127.92461,coffee,49,41.72132275,1
24.13179691,24.72218923,67.22512329,173.3228386,coffee,60,57.30351796,0
26.2724184,46.97860927,52.12739421,127.1752928,coffee,55,58.59155739,1
23.60301571,32.52391833,60.39647474,140.9370415,coffee,60,43.18725553,1